date,open,high,low,close,volume
2015-01-02,4131.0,4136.0,4000.0,4055.0,132920
2015-01-05,4063.0,4063.0,3954.0,4009.0,75140
2015-01-06,3991.0,3991.0,3864.0,3914.0,111070
2015-01-07,4031.0,4031.0,3922.0,3941.0,63148
2015-01-08,3950.0,3977.0,3868.0,3914.0,121030
2015-01-09,3922.0,3995.0,3922.0,3955.0,119224
2015-01-12,3954.0,3991.0,3923.0,3978.0,71344
2015-01-13,3986.0,4009.0,3950.0,3987.0,67542
2015-01-14,3995.0,4004.0,3850.0,3851.0,178752
2015-01-15,3872.0,3872.0,3791.0,3851.0,184632
2015-01-16,3850.0,3941.0,3737.0,3760.0,154864
2015-01-19,3759.0,3814.0,3750.0,3801.0,152298
2015-01-20,3791.0,3828.0,3755.0,3765.0,148408
2015-01-21,3777.0,3791.0,3614.0,3638.0,293566
2015-01-22,3578.0,3664.0,3573.0,3660.0,346746
2015-01-23,3696.0,3759.0,3659.0,3701.0,137352
2015-01-26,3673.0,3709.0,3641.0,3656.0,52858
2015-01-27,3655.0,3850.0,3655.0,3805.0,219630
2015-01-28,3778.0,3828.0,3769.0,3815.0,107886
2015-01-29,3818.0,3904.0,3804.0,3864.0,123632
2015-01-30,3904.0,3936.0,3809.0,3937.0,140684
2015-02-02,3963.0,4076.0,3963.0,4032.0,188286
2015-02-03,4031.0,4031.0,3923.0,3973.0,128870
2015-02-04,3973.0,4031.0,3968.0,3996.0,61896
2015-02-05,3986.0,4013.0,3927.0,3946.0,100314
2015-02-06,3954.0,4008.0,3918.0,3937.0,80132
2015-02-09,3909.0,4045.0,3909.0,3928.0,90972
2015-02-10,3895.0,3999.0,3877.0,3937.0,72722
2015-02-11,3941.0,3973.0,3896.0,3973.0,55168
2015-02-12,4022.0,4022.0,3909.0,3955.0,42800
2015-02-13,3958.0,3999.0,3945.0,4000.0,70736
2015-02-16,4008.0,4026.0,3977.0,4014.0,77872
2015-02-17,3999.0,4040.0,3990.0,4014.0,62512
2015-02-23,4022.0,4117.0,4017.0,4082.0,100634
2015-02-24,4085.0,4108.0,4036.0,4100.0,101036
2015-02-25,4099.0,4222.0,4099.0,4141.0,160696
2015-02-26,4144.0,4199.0,4090.0,4150.0,105564
2015-02-27,4127.0,4163.0,4127.0,4132.0,89652
2015-03-02,4145.0,4308.0,4127.0,4277.0,257736
2015-03-03,4281.0,4321.0,4213.0,4222.0,175424
2015-03-04,4194.0,4298.0,4194.0,4240.0,148694
2015-03-05,4230.0,4294.0,4217.0,4245.0,66076
2015-03-06,4212.0,4212.0,4076.0,4095.0,528530
2015-03-09,4095.0,4131.0,4013.0,4041.0,211486
2015-03-10,4045.0,4072.0,3927.0,3982.0,257316
2015-03-11,3982.0,3982.0,3905.0,3910.0,166718
2015-03-12,3909.0,3964.0,3896.0,3901.0,370254
2015-03-13,3918.0,4095.0,3918.0,4059.0,217036
2015-03-16,4059.0,4059.0,3977.0,3987.0,122314
2015-03-17,3977.0,3995.0,3945.0,3964.0,77416
2015-03-18,3982.0,4072.0,3964.0,3969.0,107820
2015-03-19,3995.0,4058.0,3986.0,4032.0,155282
2015-03-20,4041.0,4041.0,3887.0,3910.0,202038
2015-03-23,3918.0,4058.0,3881.0,4032.0,194420
2015-03-24,4026.0,4257.0,4026.0,4258.0,405188
2015-03-25,4257.0,4493.0,4244.0,4462.0,547252
2015-03-26,4385.0,4485.0,4367.0,4422.0,229558
2015-03-27,4494.0,4870.0,4485.0,4712.0,848688
2015-03-30,4666.0,4756.0,4643.0,4712.0,266958
2015-03-31,4756.0,4779.0,4507.0,4576.0,367776
2015-04-01,4507.0,4620.0,4498.0,4598.0,209404
2015-04-02,4575.0,4711.0,4552.0,4621.0,206928
2015-04-03,4620.0,4892.0,4620.0,4893.0,297312
2015-04-06,4983.0,5073.0,4847.0,4938.0,384780
2015-04-07,4915.0,5028.0,4892.0,4961.0,203192
2015-04-08,5050.0,5571.0,4937.0,5527.0,1032300
2015-04-09,5639.0,5820.0,5549.0,5572.0,1009318
2015-04-10,5571.0,5798.0,5571.0,5731.0,505850
2015-04-13,5730.0,5934.0,5594.0,5799.0,675922
2015-04-14,5912.0,5912.0,5617.0,5708.0,370584
2015-04-15,5730.0,5775.0,5571.0,5753.0,312352
2015-04-16,5775.0,5775.0,5435.0,5527.0,520414
2015-04-17,5481.0,5549.0,5391.0,5550.0,307418
2015-04-20,5413.0,5708.0,5345.0,5708.0,511732
2015-04-21,5730.0,5730.0,5435.0,5504.0,351722
2015-04-22,5481.0,5752.0,5345.0,5527.0,347760
2015-04-23,5594.0,5617.0,5254.0,5368.0,552130
2015-04-24,5367.0,5390.0,5232.0,5300.0,229214
2015-04-27,5277.0,5368.0,5141.0,5255.0,306860
2015-04-28,5299.0,5413.0,5186.0,5346.0,158204
2015-04-29,5390.0,5435.0,5232.0,5368.0,122864
2015-04-30,5368.0,5368.0,5209.0,5323.0,133760
2015-05-04,5277.0,5323.0,4983.0,5029.0,290796
2015-05-06,4982.0,5232.0,4982.0,5006.0,293962
2015-05-07,5051.0,5119.0,4892.0,5029.0,177144
2015-05-08,5028.0,5367.0,5005.0,5300.0,384978
2015-05-11,5345.0,5685.0,5300.0,5550.0,452012
2015-05-12,5617.0,5798.0,5526.0,5686.0,506430
2015-05-13,5685.0,5685.0,5503.0,5572.0,159442
2015-05-14,5640.0,5640.0,5413.0,5482.0,135746
2015-05-15,5481.0,5526.0,5254.0,5346.0,271640
2015-05-18,5141.0,5186.0,4552.0,4553.0,1905902
2015-05-19,4520.0,4665.0,4520.0,4621.0,405394
2015-05-20,4665.0,4688.0,4520.0,4530.0,412570
2015-05-21,4525.0,4575.0,4353.0,4476.0,354788
2015-05-22,4485.0,4756.0,4439.0,4644.0,371088
2015-05-26,4711.0,4711.0,4529.0,4621.0,216908
2015-05-27,4575.0,4597.0,4479.0,4530.0,212102
2015-05-28,4552.0,4575.0,4443.0,4449.0,327044
2015-05-29,4444.0,4552.0,4394.0,4494.0,274714
2015-06-01,4520.0,4520.0,4380.0,4385.0,225298
2015-06-02,4389.0,4489.0,4285.0,4295.0,362318
2015-06-03,4294.0,4389.0,4258.0,4295.0,155804
2015-06-04,4258.0,4349.0,4140.0,4213.0,275586
2015-06-05,4213.0,4213.0,4086.0,4123.0,180622
2015-06-08,4126.0,4339.0,4108.0,4331.0,194832
2015-06-09,4294.0,4348.0,4221.0,4236.0,213644
2015-06-10,4294.0,4402.0,4285.0,4403.0,288834
2015-06-11,4421.0,4892.0,4417.0,4893.0,777138
2015-06-12,4779.0,4892.0,4643.0,4802.0,377566
2015-06-15,4802.0,4938.0,4643.0,4802.0,229198
2015-06-16,4711.0,4779.0,4525.0,4576.0,321588
2015-06-17,4643.0,4824.0,4597.0,4779.0,273722
2015-06-18,4938.0,5073.0,4915.0,4961.0,545068
2015-06-19,5028.0,5300.0,4915.0,5187.0,452150
2015-06-22,5141.0,5277.0,5073.0,5142.0,223124
2015-06-23,5209.0,5232.0,5005.0,5097.0,158306
2015-06-24,5096.0,5255.0,5096.0,5119.0,182878
2015-06-25,5118.0,5435.0,5073.0,5368.0,401478
2015-06-26,5391.0,5391.0,5141.0,5255.0,326936
2015-06-29,5096.0,5209.0,5005.0,5006.0,328532
2015-06-30,5005.0,5141.0,4892.0,5142.0,248684
2015-07-01,5187.0,5187.0,5073.0,5165.0,153122
2015-07-02,5209.0,5209.0,4892.0,4893.0,368944
2015-07-03,4892.0,5141.0,4802.0,5119.0,495012
2015-07-06,4982.0,5118.0,4824.0,4825.0,219480
2015-07-07,4892.0,4982.0,4688.0,4779.0,194070
2015-07-08,4802.0,4824.0,4598.0,4644.0,148578
2015-07-09,4597.0,4620.0,4461.0,4621.0,268138
2015-07-10,4620.0,4734.0,4598.0,4644.0,235058
2015-07-13,4688.0,4846.0,4620.0,4825.0,231446
2015-07-14,4847.0,4847.0,4711.0,4802.0,121900
2015-07-15,5232.0,5504.0,5164.0,5187.0,1349858
2015-07-16,5300.0,5300.0,4983.0,5255.0,537554
2015-07-17,5322.0,5345.0,5141.0,5210.0,286052
2015-07-20,5209.0,5413.0,5164.0,5300.0,314272
2015-07-21,5277.0,5345.0,5232.0,5300.0,160748
2015-07-22,5299.0,5503.0,5254.0,5300.0,531654
2015-07-23,5345.0,5368.0,5028.0,5119.0,371630
2015-07-24,5073.0,5119.0,5005.0,5097.0,146336
2015-07-27,5028.0,5073.0,4892.0,4938.0,194222
2015-07-28,4847.0,4915.0,4598.0,4870.0,303278
2015-07-29,4938.0,4960.0,4779.0,4802.0,115296
2015-07-30,4802.0,4870.0,4711.0,4802.0,156572
2015-07-31,4756.0,4960.0,4756.0,4825.0,126972
2015-08-03,4846.0,4960.0,4801.0,4825.0,174882
2015-08-04,4847.0,4938.0,4779.0,4938.0,104986
2015-08-05,4915.0,5005.0,4870.0,4961.0,117096
2015-08-06,4915.0,4938.0,4802.0,4870.0,213992
2015-08-07,4892.0,4914.0,4778.0,4847.0,90546
2015-08-10,4847.0,4892.0,4598.0,4666.0,241170
2015-08-11,4688.0,4756.0,4529.0,4553.0,188598
2015-08-12,4516.0,4575.0,4244.0,4336.0,507542
2015-08-13,4339.0,4479.0,4307.0,4458.0,175904
2015-08-17,4466.0,4598.0,4417.0,4512.0,136222
2015-08-18,4485.0,4485.0,4258.0,4281.0,349850
2015-08-19,4203.0,4294.0,4103.0,4154.0,156030
2015-08-20,4099.0,4176.0,3986.0,4000.0,163446
2015-08-21,3678.0,3891.0,3678.0,3774.0,261810
2015-08-24,3637.0,3859.0,3637.0,3783.0,165478
2015-08-25,3968.0,3986.0,3787.0,3964.0,155522
2015-08-26,3964.0,4041.0,3914.0,4041.0,160300
2015-08-27,4235.0,4235.0,4031.0,4050.0,133852
2015-08-28,4158.0,4226.0,4122.0,4213.0,88810
2015-08-31,4222.0,4226.0,4167.0,4200.0,74660
2015-09-01,4172.0,4290.0,4172.0,4213.0,86668
2015-09-02,4163.0,4195.0,4099.0,4195.0,67200
2015-09-03,4248.0,4248.0,4149.0,4159.0,49662
2015-09-04,4185.0,4185.0,4013.0,4091.0,120360
2015-09-07,4108.0,4113.0,4050.0,4055.0,44692
2015-09-08,4104.0,4108.0,3918.0,4055.0,107708
2015-09-09,4085.0,4194.0,4072.0,4168.0,55750
2015-09-10,4158.0,4222.0,4118.0,4222.0,47250
2015-09-11,4158.0,4303.0,4158.0,4231.0,112518
2015-09-14,4212.0,4280.0,4203.0,4240.0,53754
2015-09-15,4231.0,4294.0,4213.0,4290.0,49564
2015-09-16,4281.0,4367.0,4281.0,4358.0,101638
2015-09-17,4389.0,4389.0,4321.0,4349.0,65632
2015-09-18,4349.0,4389.0,4272.0,4354.0,39444
2015-09-21,4303.0,4330.0,4235.0,4299.0,70356
2015-09-22,4303.0,4349.0,4267.0,4340.0,37536
2015-09-23,4248.0,4325.0,4248.0,4322.0,31312
2015-09-24,4294.0,4349.0,4253.0,4277.0,44942
2015-09-25,4303.0,4303.0,4195.0,4268.0,36484
2015-09-30,4235.0,4421.0,4235.0,4367.0,186348
2015-10-01,4444.0,4444.0,4385.0,4426.0,103386
2015-10-02,4394.0,4448.0,4394.0,4431.0,72706
2015-10-05,4493.0,4597.0,4484.0,4598.0,203874
2015-10-06,4643.0,4688.0,4575.0,4644.0,131930
2015-10-07,4688.0,4688.0,4529.0,4530.0,109562
2015-10-08,4552.0,4643.0,4512.0,4576.0,131346
2015-10-12,4598.0,4666.0,4516.0,4517.0,165162
2015-10-13,4529.0,4620.0,4520.0,4598.0,66362
2015-10-14,4552.0,4597.0,4439.0,4530.0,96528
2015-10-15,4529.0,4597.0,4502.0,4530.0,83588
2015-10-16,4575.0,4598.0,4525.0,4576.0,97078
2015-10-19,4620.0,4620.0,4530.0,4576.0,75258
2015-10-20,4552.0,4598.0,4521.0,4576.0,96594
2015-10-21,4529.0,4575.0,4525.0,4553.0,49076
2015-10-22,4575.0,4620.0,4461.0,4530.0,116414
2015-10-23,4575.0,4575.0,4507.0,4526.0,73170
2015-10-26,4575.0,4620.0,4525.0,4576.0,110372
2015-10-27,4575.0,4688.0,4552.0,4644.0,139094
2015-10-28,4688.0,4688.0,4575.0,4598.0,137966
2015-10-29,4665.0,4733.0,4575.0,4621.0,117482
2015-10-30,4688.0,4688.0,4598.0,4666.0,138946
2015-11-02,4711.0,4733.0,4525.0,4553.0,119824
2015-11-03,4552.0,4597.0,4466.0,4467.0,175258
2015-11-04,4507.0,4643.0,4507.0,4598.0,147694
2015-11-05,4597.0,5730.0,4507.0,4983.0,2272996
2015-11-06,4892.0,5209.0,4802.0,4938.0,822362
2015-11-09,4960.0,5051.0,4711.0,4712.0,255816
2015-11-10,4597.0,4711.0,4516.0,4553.0,350504
2015-11-11,4575.0,4620.0,4462.0,4508.0,237232
2015-11-12,4530.0,4552.0,4484.0,4521.0,129564
2015-11-13,4453.0,4507.0,4407.0,4426.0,221376
2015-11-16,4248.0,4335.0,4212.0,4326.0,206440
2015-11-17,4349.0,4512.0,4326.0,4508.0,153188
2015-11-18,4507.0,4520.0,4412.0,4462.0,157654
2015-11-19,4507.0,4575.0,4480.0,4576.0,127380
2015-11-20,4575.0,4598.0,4489.0,4490.0,95016
2015-11-23,4530.0,4530.0,4475.0,4490.0,66776
2015-11-24,4507.0,4507.0,4439.0,4499.0,141760
2015-11-25,4530.0,4620.0,4485.0,4508.0,179144
2015-11-26,4512.0,4802.0,4494.0,4712.0,296738
2015-11-27,4779.0,4779.0,4620.0,4712.0,80302
2015-11-30,4688.0,4824.0,4620.0,4712.0,131426
2015-12-01,4688.0,4846.0,4665.0,4779.0,118670
2015-12-02,4778.0,4824.0,4711.0,4757.0,75516
2015-12-03,4733.0,4756.0,4665.0,4757.0,62396
2015-12-04,4711.0,4756.0,4643.0,4734.0,58972
2015-12-07,4711.0,4756.0,4552.0,4598.0,150112
2015-12-08,4597.0,4620.0,4484.0,4530.0,128332
2015-12-09,4529.0,4597.0,4516.0,4526.0,62992
2015-12-10,4511.0,4620.0,4493.0,4530.0,89178
2015-12-11,4575.0,4575.0,4484.0,4530.0,102382
2015-12-14,4484.0,4507.0,4430.0,4449.0,135298
2015-12-15,4471.0,4475.0,4349.0,4440.0,99304
2015-12-16,4444.0,4575.0,4444.0,4499.0,56180
2015-12-17,4529.0,4597.0,4461.0,4480.0,71838
2015-12-18,4479.0,4620.0,4457.0,4621.0,91744
2015-12-21,4620.0,4620.0,4520.0,4530.0,95592
2015-12-22,4529.0,4597.0,4511.0,4553.0,69622
2015-12-23,4575.0,4734.0,4530.0,4712.0,203700
2015-12-24,4734.0,4779.0,4688.0,4734.0,75958
2015-12-28,4756.0,4756.0,4597.0,4598.0,70960
2015-12-29,4598.0,4711.0,4598.0,4666.0,44936
2015-12-30,4666.0,4711.0,4620.0,4666.0,31594
2016-01-04,4688.0,4688.0,4552.0,4621.0,69668
2016-01-05,4552.0,4620.0,4516.0,4621.0,114380
2016-01-06,4620.0,4620.0,4493.0,4526.0,79660
2016-01-07,4516.0,4597.0,4443.0,4462.0,85526
2016-01-08,4417.0,4439.0,4349.0,4426.0,136770
2016-01-11,4362.0,4421.0,4349.0,4349.0,77814
2016-01-12,4353.0,4425.0,4353.0,4390.0,43438
2016-01-13,4376.0,4503.0,4376.0,4494.0,57574
2016-01-14,4439.0,4484.0,4339.0,4449.0,53908
2016-01-15,4457.0,4507.0,4371.0,4390.0,49412
2016-01-18,4316.0,4393.0,4312.0,4390.0,55052
2016-01-19,4348.0,4389.0,4285.0,4322.0,102040
2016-01-20,4321.0,4344.0,4076.0,4168.0,120738
2016-01-21,4135.0,4158.0,4026.0,4032.0,124972
2016-01-22,4099.0,4140.0,4054.0,4136.0,80998
2016-01-25,4212.0,4262.0,4135.0,4245.0,70492
2016-01-26,4212.0,4212.0,4122.0,4168.0,37726
2016-01-27,4231.0,4276.0,4167.0,4191.0,60332
2016-01-28,4185.0,4239.0,4135.0,4231.0,47308
2016-01-29,4235.0,4335.0,4190.0,4304.0,81134
2016-02-01,4344.0,4393.0,4303.0,4394.0,67780
2016-02-02,4393.0,4502.0,4393.0,4476.0,111824
2016-02-03,4448.0,4643.0,4448.0,4644.0,267898
2016-02-04,4643.0,4666.0,4530.0,4644.0,114388
2016-02-05,4643.0,4801.0,4552.0,4757.0,183930
2016-02-11,4575.0,4756.0,4575.0,4712.0,177186
2016-02-12,4688.0,4711.0,4502.0,4530.0,131998
2016-02-15,4620.0,4711.0,4530.0,4712.0,84246
2016-02-16,4734.0,4938.0,4711.0,4893.0,197800
2016-02-17,4914.0,4937.0,4824.0,4915.0,100484
2016-02-18,4938.0,5323.0,4892.0,5165.0,388894
2016-02-19,5187.0,5209.0,4983.0,5165.0,168372
2016-02-22,5186.0,5299.0,5096.0,5210.0,110816
2016-02-23,5209.0,5549.0,5209.0,5482.0,624786
2016-02-24,5798.0,5980.0,5572.0,5912.0,1635850
2016-02-25,5889.0,6025.0,5821.0,5980.0,475678
2016-02-26,6025.0,6206.0,5980.0,6161.0,554902
2016-02-29,6183.0,6297.0,5957.0,6229.0,448426
2016-03-02,6274.0,6591.0,6251.0,6592.0,842508
2016-03-03,6659.0,6953.0,6364.0,6795.0,1201388
2016-03-04,6772.0,7134.0,6659.0,7067.0,726240
2016-03-07,7203.0,7565.0,6750.0,6909.0,1143302
2016-03-08,6931.0,6976.0,6614.0,6886.0,734108
2016-03-09,6795.0,7089.0,6614.0,6682.0,657718
2016-03-10,6863.0,7225.0,6750.0,7203.0,761560
2016-03-11,7134.0,7406.0,6976.0,7248.0,587854
2016-03-14,7248.0,7384.0,7112.0,7113.0,387504
2016-03-15,7067.0,7225.0,6976.0,7113.0,242304
2016-03-16,7134.0,7361.0,7021.0,7067.0,425410
2016-03-17,7067.0,7225.0,7044.0,7203.0,198574
2016-03-18,7247.0,7293.0,7089.0,7248.0,175638
2016-03-21,7248.0,7293.0,6931.0,6954.0,290182
2016-03-22,6953.0,7157.0,6953.0,7067.0,218360
2016-03-23,7157.0,7180.0,6976.0,7045.0,164368
2016-03-24,6999.0,7112.0,6908.0,6909.0,133556
2016-03-25,6908.0,7225.0,6885.0,7022.0,297978
2016-03-28,7089.0,7338.0,7089.0,7226.0,380342
2016-03-29,7248.0,7475.0,7225.0,7475.0,422660
2016-03-30,7452.0,7497.0,7316.0,7362.0,281434
2016-03-31,7452.0,7452.0,6954.0,6977.0,616262
2016-04-01,7089.0,7225.0,6976.0,7113.0,311976
2016-04-04,7066.0,7180.0,6885.0,6999.0,260920
2016-04-05,6976.0,6998.0,6704.0,6795.0,367512
2016-04-06,6885.0,7565.0,6817.0,7384.0,821514
2016-04-07,7384.0,7452.0,7089.0,7135.0,454572
2016-04-08,7067.0,7203.0,6954.0,7113.0,180610
2016-04-11,7067.0,7157.0,6976.0,7045.0,202352
2016-04-12,6908.0,7293.0,6908.0,7248.0,306754
2016-04-14,7247.0,7429.0,7157.0,7248.0,192926
2016-04-15,7248.0,7407.0,7157.0,7271.0,293588
2016-04-18,7225.0,7271.0,7089.0,7271.0,176562
2016-04-19,7202.0,7836.0,7202.0,7815.0,884878
2016-04-20,7860.0,8086.0,7701.0,7928.0,791750
2016-04-21,7927.0,8018.0,7610.0,7837.0,450920
2016-04-22,7769.0,7814.0,7633.0,7634.0,257514
2016-04-25,7701.0,7701.0,7497.0,7656.0,297270
2016-04-26,7610.0,7655.0,7406.0,7520.0,280732
2016-04-27,7474.0,7633.0,7383.0,7588.0,235144
2016-04-28,7633.0,7633.0,7361.0,7362.0,220566
2016-04-29,7316.0,7452.0,7089.0,7203.0,287076
2016-05-02,7066.0,7157.0,6817.0,6841.0,335134
2016-05-03,6885.0,7066.0,6862.0,7022.0,174366
2016-05-04,6998.0,6998.0,6840.0,6841.0,225578
2016-05-09,6817.0,6840.0,6500.0,6501.0,281868
2016-05-10,6365.0,7112.0,6319.0,7113.0,457322
2016-05-11,7089.0,7452.0,6999.0,7430.0,554428
2016-05-12,7497.0,7701.0,7429.0,7566.0,673756
2016-05-13,7565.0,7746.0,7474.0,7679.0,438220
2016-05-16,7678.0,7769.0,7316.0,7362.0,219928
2016-05-17,7338.0,7746.0,7338.0,7520.0,295948
2016-05-18,7520.0,8018.0,7384.0,8019.0,712366
2016-05-19,8086.0,8358.0,7746.0,7792.0,729498
2016-05-20,7814.0,7927.0,7565.0,7837.0,243248
2016-05-23,7882.0,8041.0,7633.0,8019.0,291638
2016-05-24,7928.0,7995.0,7701.0,7951.0,223566
2016-05-25,7950.0,8063.0,7768.0,7815.0,132392
2016-05-26,7904.0,7927.0,7474.0,7747.0,126206
2016-05-27,7746.0,8245.0,7610.0,8177.0,480846
2016-05-30,8199.0,8222.0,8018.0,8064.0,410500
2016-05-31,8063.0,8063.0,7882.0,7951.0,201230
2016-06-01,7950.0,8131.0,7950.0,8041.0,183518
2016-06-02,8041.0,8041.0,7701.0,7792.0,306212
2016-06-03,7860.0,8018.0,7814.0,7951.0,129342
2016-06-07,7882.0,8018.0,7837.0,8019.0,146950
2016-06-08,8018.0,8018.0,7792.0,7928.0,247988
2016-06-09,7972.0,7972.0,7701.0,7769.0,212894
2016-06-10,7814.0,7814.0,7542.0,7702.0,118900
2016-06-13,7587.0,7633.0,7406.0,7588.0,108916
2016-06-14,7497.0,7633.0,7429.0,7520.0,91628
2016-06-15,7519.0,7587.0,7406.0,7543.0,117136
2016-06-16,7542.0,7927.0,7519.0,7769.0,443526
2016-06-17,7882.0,7882.0,7338.0,7520.0,363702
2016-06-20,7542.0,7724.0,7429.0,7566.0,158340
2016-06-21,7565.0,7769.0,7542.0,7656.0,174124
2016-06-22,7655.0,7746.0,7587.0,7747.0,110236
2016-06-23,7701.0,7701.0,7474.0,7543.0,109940
2016-06-24,7588.0,7701.0,6908.0,7113.0,369996
2016-06-27,7066.0,7406.0,6840.0,7248.0,234304
2016-06-28,7157.0,7339.0,7067.0,7271.0,197538
2016-06-29,7384.0,7746.0,7316.0,7656.0,261770
2016-06-30,7656.0,7724.0,7475.0,7566.0,151650
2016-07-01,7587.0,7633.0,7474.0,7543.0,119368
2016-07-04,7542.0,7542.0,7406.0,7520.0,206496
2016-07-05,7429.0,7610.0,7384.0,7430.0,187990
2016-07-06,7497.0,7497.0,7316.0,7407.0,147842
2016-07-07,7475.0,7678.0,7452.0,7634.0,148854
2016-07-08,7678.0,7678.0,7429.0,7498.0,91284
2016-07-11,7474.0,7610.0,7429.0,7588.0,78456
2016-07-12,7814.0,8313.0,7769.0,8109.0,1009570
2016-07-13,8222.0,8607.0,8222.0,8381.0,962734
2016-07-14,8426.0,8834.0,8381.0,8698.0,580502
2016-07-15,8742.0,8788.0,8471.0,8562.0,280646
2016-07-18,8561.0,8561.0,8312.0,8426.0,269412
2016-07-19,8471.0,8471.0,8154.0,8404.0,219632
2016-07-20,8313.0,8426.0,8222.0,8404.0,185904
2016-07-21,8381.0,8607.0,8290.0,8404.0,285988
2016-07-22,8403.0,8449.0,8267.0,8381.0,171722
2016-07-25,8381.0,8381.0,8018.0,8109.0,294734
2016-07-26,8018.0,8290.0,8018.0,8245.0,178070
2016-07-27,8177.0,8222.0,7905.0,8109.0,188544
2016-07-28,8108.0,8154.0,7904.0,7996.0,153896
2016-07-29,7995.0,7995.0,7723.0,7815.0,231704
2016-08-01,7905.0,8041.0,7701.0,7951.0,180942
2016-08-02,7973.0,7973.0,7814.0,7883.0,79640
2016-08-03,7836.0,8040.0,7768.0,8041.0,127874
2016-08-04,8018.0,8108.0,7814.0,7973.0,161324
2016-08-05,8063.0,8109.0,7882.0,7951.0,141184
2016-08-08,7950.0,7950.0,7542.0,7702.0,211936
2016-08-09,7633.0,8222.0,7588.0,8087.0,518970
2016-08-10,8448.0,8493.0,8176.0,8268.0,353438
2016-08-11,8289.0,8675.0,8267.0,8517.0,509908
2016-08-12,8607.0,8970.0,8516.0,8834.0,650412
2016-08-16,8856.0,8970.0,8652.0,8834.0,320596
2016-08-17,8811.0,9060.0,8743.0,9061.0,392430
2016-08-18,9037.0,9037.0,8675.0,8676.0,329452
2016-08-19,8652.0,8811.0,8381.0,8676.0,146826
2016-08-22,8539.0,8742.0,8448.0,8562.0,173254
2016-08-23,8494.0,8652.0,8245.0,8313.0,208354
2016-08-24,8357.0,8833.0,8357.0,8811.0,251442
2016-08-25,8788.0,8788.0,8561.0,8585.0,215878
2016-08-26,8584.0,8675.0,8403.0,8562.0,100816
2016-08-29,8607.0,8607.0,8108.0,8132.0,208906
2016-08-30,8222.0,8449.0,8041.0,8155.0,287320
2016-08-31,8154.0,8313.0,8041.0,8313.0,145070
2016-09-01,8222.0,8335.0,8177.0,8245.0,58586
2016-09-02,8267.0,8289.0,8018.0,8268.0,97624
2016-09-05,8426.0,8652.0,8335.0,8608.0,215954
2016-09-06,8607.0,8697.0,8380.0,8562.0,158904
2016-09-07,8561.0,8607.0,8222.0,8290.0,204636
2016-09-08,8289.0,8403.0,8108.0,8132.0,189390
2016-09-09,8154.0,8267.0,7995.0,8155.0,111622
2016-09-12,7995.0,8199.0,7837.0,8109.0,179640
2016-09-13,8177.0,8267.0,8109.0,8109.0,115420
2016-09-19,8109.0,8290.0,8063.0,8245.0,83908
2016-09-20,8222.0,8245.0,8131.0,8245.0,58308
2016-09-21,8245.0,8245.0,8109.0,8177.0,73078
2016-09-22,8313.0,8358.0,8154.0,8223.0,112480
2016-09-23,8267.0,8267.0,8040.0,8041.0,123308
2016-09-26,8041.0,8041.0,7837.0,7883.0,157490
2016-09-27,7928.0,8199.0,7814.0,8177.0,148978
2016-09-28,8176.0,8199.0,7995.0,8064.0,67952
2016-09-29,8154.0,8222.0,7905.0,8177.0,157494
2016-09-30,8109.0,8313.0,8018.0,8177.0,187086
2016-10-04,8267.0,8289.0,8108.0,8200.0,132860
2016-10-05,8199.0,8222.0,8086.0,8132.0,168146
2016-10-06,8176.0,8607.0,8154.0,8585.0,407802
2016-10-07,8561.0,8765.0,8357.0,8426.0,260730
2016-10-10,8403.0,8493.0,8222.0,8290.0,158412
2016-10-11,8290.0,8426.0,8177.0,8381.0,119810
2016-10-12,8358.0,8358.0,8018.0,8019.0,215290
2016-10-13,8063.0,8290.0,7973.0,8019.0,230294
2016-10-14,8018.0,8154.0,7950.0,8064.0,92286
2016-10-17,8063.0,8063.0,7950.0,8041.0,97190
2016-10-18,8040.0,8086.0,7791.0,7815.0,164982
2016-10-19,7882.0,8086.0,7746.0,7996.0,144490
2016-10-20,7995.0,7995.0,7746.0,7769.0,101908
2016-10-21,7723.0,7814.0,7633.0,7747.0,97838
2016-10-24,7769.0,8063.0,7769.0,7928.0,177740
2016-10-25,8041.0,8041.0,7792.0,7860.0,75376
2016-10-26,7769.0,7860.0,7452.0,7566.0,191232
2016-10-27,7656.0,7701.0,7497.0,7656.0,118478
2016-10-28,7656.0,7678.0,7293.0,7407.0,222272
2016-10-31,7293.0,7338.0,6976.0,7022.0,185536
2016-11-01,7021.0,7270.0,7021.0,7248.0,185806
2016-11-02,7157.0,7225.0,6772.0,7045.0,174848
2016-11-03,6863.0,7157.0,6863.0,7113.0,82770
2016-11-04,7021.0,7112.0,6931.0,6954.0,77732
2016-11-07,7044.0,7293.0,6954.0,7113.0,183302
2016-11-08,7135.0,7157.0,6659.0,6818.0,339340
2016-11-09,6908.0,6976.0,6297.0,6456.0,352634
2016-11-10,6636.0,6840.0,6636.0,6841.0,204784
2016-11-11,6727.0,6840.0,6659.0,6773.0,110480
2016-11-14,6772.0,6953.0,6704.0,6931.0,95248
2016-11-15,6930.0,7021.0,6772.0,6841.0,68366
2016-11-16,6886.0,7067.0,6840.0,6977.0,152518
2016-11-17,6908.0,6976.0,6681.0,6773.0,212682
2016-11-18,6794.0,6794.0,6568.0,6637.0,121108
2016-11-21,6568.0,6614.0,6433.0,6433.0,105426
2016-11-22,6455.0,6568.0,6409.0,6546.0,135590
2016-11-23,6523.0,6545.0,6251.0,6342.0,378696
2016-11-24,6342.0,6387.0,6138.0,6388.0,251278
2016-11-25,6410.0,6410.0,6251.0,6365.0,208860
2016-11-28,6364.0,6364.0,6228.0,6320.0,129656
2016-11-29,6297.0,6433.0,6274.0,6388.0,164038
2016-11-30,6364.0,6364.0,6183.0,6320.0,254114
2016-12-01,6387.0,6545.0,6251.0,6478.0,202284
2016-12-02,6545.0,6772.0,6500.0,6637.0,349892
2016-12-05,6614.0,6840.0,6568.0,6818.0,279262
2016-12-06,6862.0,7112.0,6840.0,6999.0,381302
2016-12-07,6976.0,7021.0,6772.0,6931.0,191736
2016-12-08,6931.0,7021.0,6908.0,6977.0,134704
2016-12-09,6976.0,6976.0,6818.0,6954.0,136176
2016-12-12,7067.0,7225.0,7067.0,7135.0,207836
2016-12-13,7134.0,7315.0,7089.0,7294.0,151082
2016-12-14,7293.0,7293.0,7021.0,7226.0,305774
2016-12-15,7112.0,7452.0,7067.0,7362.0,271682
2016-12-16,7429.0,7452.0,7361.0,7430.0,134638
2016-12-19,7429.0,7451.0,7338.0,7452.0,99786
2016-12-20,7497.0,7497.0,7384.0,7475.0,96880
2016-12-21,7452.0,7588.0,7384.0,7498.0,175530
2016-12-22,7474.0,7542.0,7429.0,7520.0,58280
2016-12-23,7565.0,7565.0,7361.0,7475.0,86314
2016-12-26,7475.0,7520.0,7384.0,7407.0,96146
2016-12-27,7429.0,7475.0,7203.0,7339.0,224046
2016-12-28,7157.0,7407.0,7112.0,7407.0,127942
2016-12-29,7406.0,7406.0,7157.0,7384.0,143196
2017-01-02,7406.0,7610.0,7293.0,7588.0,208362
2017-01-03,7587.0,7633.0,7429.0,7543.0,274776
2017-01-04,7542.0,7655.0,7406.0,7543.0,153906
2017-01-05,7565.0,7565.0,7383.0,7452.0,118388
2017-01-06,7451.0,7474.0,7270.0,7316.0,204838
2017-01-09,7361.0,7383.0,6930.0,6999.0,386860
2017-01-10,6976.0,6999.0,6704.0,6954.0,415346
2017-01-11,6976.0,7066.0,6885.0,6999.0,161900
2017-01-12,6998.0,7157.0,6953.0,7090.0,189828
2017-01-13,7089.0,7089.0,6908.0,7022.0,109472
2017-01-16,7044.0,7044.0,6749.0,6841.0,150562
2017-01-17,6908.0,6908.0,6749.0,6795.0,90578
2017-01-18,6749.0,6817.0,6681.0,6773.0,118440
2017-01-19,6817.0,6885.0,6727.0,6863.0,110520
2017-01-20,6794.0,6862.0,6749.0,6841.0,66404
2017-01-23,6840.0,6862.0,6749.0,6773.0,82828
2017-01-24,6794.0,6953.0,6704.0,6931.0,136948
2017-01-25,6908.0,7067.0,6886.0,6886.0,162830
2017-01-26,6930.0,7315.0,6862.0,7294.0,304244
2017-01-31,7293.0,7339.0,7089.0,7181.0,134142
2017-02-01,7202.0,7338.0,7134.0,7294.0,156838
2017-02-02,7339.0,7429.0,7271.0,7339.0,160636
2017-02-03,7383.0,7383.0,7112.0,7248.0,133066
2017-02-06,7293.0,7293.0,7112.0,7113.0,123144
2017-02-07,7157.0,7316.0,6976.0,7271.0,168658
2017-02-08,7339.0,7407.0,7157.0,7407.0,160826
2017-02-09,7361.0,7497.0,7293.0,7498.0,174938
2017-02-10,7519.0,7927.0,7474.0,7837.0,606900
2017-02-13,7792.0,8086.0,7769.0,8019.0,305104
2017-02-14,8108.0,8108.0,7836.0,8041.0,237940
2017-02-15,8040.0,8063.0,7859.0,7996.0,176940
2017-02-16,7927.0,8040.0,7859.0,7973.0,116288
2017-02-17,7927.0,8131.0,7814.0,8064.0,145774
2017-02-20,7995.0,8040.0,7836.0,7837.0,146180
2017-02-21,7837.0,8245.0,7792.0,8245.0,357826
2017-02-22,8267.0,8267.0,8063.0,8155.0,171934
2017-02-23,8154.0,8244.0,8063.0,8064.0,131066
2017-02-24,8041.0,8245.0,8041.0,8155.0,126866
2017-02-27,8131.0,8131.0,7633.0,7769.0,301282
2017-02-28,7724.0,8041.0,7610.0,7951.0,261218
2017-03-02,7950.0,7973.0,7837.0,7860.0,59996
2017-03-03,7859.0,7904.0,7542.0,7611.0,227424
2017-03-06,7610.0,7701.0,7497.0,7702.0,157128
2017-03-07,7701.0,7792.0,7610.0,7792.0,79340
2017-03-08,7792.0,7792.0,7678.0,7792.0,126204
2017-03-09,8018.0,8063.0,7768.0,7769.0,296104
2017-03-10,7655.0,7882.0,7610.0,7769.0,136702
2017-03-13,7724.0,7746.0,7633.0,7702.0,112060
2017-03-14,7656.0,7792.0,7633.0,7634.0,140602
2017-03-15,7656.0,7656.0,7293.0,7339.0,273956
2017-03-16,7339.0,7520.0,7293.0,7475.0,186932
2017-03-17,7475.0,7565.0,7407.0,7566.0,109386
2017-03-20,7497.0,7542.0,7384.0,7407.0,95682
2017-03-21,7406.0,7497.0,7293.0,7452.0,99616
2017-03-22,7452.0,7520.0,7316.0,7407.0,214226
2017-03-23,7361.0,7452.0,7316.0,7407.0,111056
2017-03-24,7339.0,7429.0,7203.0,7339.0,221258
2017-03-27,7247.0,7293.0,7021.0,7090.0,298486
2017-03-28,7044.0,7203.0,7044.0,7181.0,184972
2017-03-29,7225.0,7271.0,7180.0,7271.0,140088
2017-03-30,7271.0,7271.0,7112.0,7113.0,195536
2017-03-31,7134.0,7451.0,7134.0,7452.0,278528
2017-04-03,7497.0,7701.0,7474.0,7611.0,275580
2017-04-04,7633.0,7655.0,7406.0,7520.0,171486
2017-04-05,7565.0,7678.0,7429.0,7543.0,162600
2017-04-06,7542.0,7542.0,7384.0,7475.0,113676
2017-04-07,7474.0,7655.0,7315.0,7384.0,326976
2017-04-10,7429.0,7452.0,7248.0,7362.0,121610
2017-04-11,7361.0,7542.0,7316.0,7475.0,256868
2017-04-12,7497.0,7610.0,7451.0,7588.0,175216
2017-04-13,7610.0,7724.0,7565.0,7634.0,304698
2017-04-14,7633.0,7633.0,7497.0,7498.0,114848
2017-04-17,7610.0,7814.0,7497.0,7769.0,187050
2017-04-18,7837.0,7860.0,7656.0,7702.0,214288
2017-04-19,7701.0,7928.0,7701.0,7860.0,234636
2017-04-20,7882.0,7882.0,7701.0,7702.0,177478
2017-04-21,7746.0,7791.0,7587.0,7747.0,151352
2017-04-24,7723.0,7746.0,7542.0,7588.0,170024
2017-04-25,7610.0,7656.0,7542.0,7656.0,105004
2017-04-26,7656.0,7746.0,7565.0,7724.0,95998
2017-04-27,7701.0,7791.0,7633.0,7769.0,105932
2017-04-28,7768.0,7791.0,7655.0,7747.0,85602
2017-05-02,7746.0,7746.0,7633.0,7724.0,68102
2017-05-04,7746.0,7882.0,7724.0,7860.0,148442
2017-05-08,7814.0,7859.0,7678.0,7747.0,181052
2017-05-10,7746.0,7791.0,7565.0,7588.0,194410
2017-05-11,7270.0,7338.0,7066.0,7226.0,1028170
2017-05-12,7202.0,7225.0,7021.0,7067.0,464258
2017-05-15,7066.0,7112.0,6976.0,7022.0,132380
2017-05-16,7021.0,7203.0,7021.0,7181.0,200594
2017-05-17,7135.0,7203.0,7089.0,7181.0,164182
2017-05-18,7134.0,7157.0,7021.0,7090.0,248984
2017-05-19,7112.0,7180.0,7044.0,7113.0,142850
2017-05-22,7135.0,7225.0,7135.0,7203.0,171196
2017-05-23,7180.0,7248.0,7157.0,7203.0,205256
2017-05-24,7248.0,7293.0,7180.0,7203.0,173770
2017-05-25,7203.0,7339.0,7180.0,7271.0,152102
2017-05-26,7270.0,7338.0,7180.0,7226.0,132060
2017-05-29,7225.0,7270.0,7021.0,7090.0,369320
2017-05-30,7157.0,7339.0,7089.0,7339.0,391704
2017-05-31,7339.0,7407.0,7293.0,7407.0,238324
2017-06-01,7406.0,7542.0,7270.0,7384.0,202130
2017-06-02,7429.0,7497.0,7316.0,7407.0,247096
2017-06-05,7429.0,7452.0,7316.0,7362.0,129342
2017-06-07,7429.0,7429.0,7316.0,7362.0,191706
2017-06-08,7361.0,7361.0,7225.0,7316.0,326282
2017-06-09,7338.0,7361.0,7225.0,7294.0,298960
2017-06-12,7315.0,7315.0,7112.0,7158.0,295190
2017-06-13,7135.0,7429.0,7135.0,7407.0,429638
2017-06-14,7429.0,7452.0,7271.0,7362.0,246462
2017-06-15,7361.0,7361.0,7157.0,7294.0,253480
2017-06-16,7293.0,7293.0,7203.0,7271.0,119894
2017-06-19,7293.0,7384.0,7248.0,7362.0,151596
2017-06-20,7383.0,7383.0,7157.0,7316.0,233368
2017-06-21,7316.0,7316.0,7112.0,7203.0,197540
2017-06-22,7202.0,7247.0,7112.0,7248.0,126334
2017-06-23,7271.0,7271.0,7180.0,7271.0,77108
2017-06-26,7270.0,7270.0,7112.0,7158.0,174732
2017-06-27,7112.0,7180.0,7021.0,7181.0,172610
2017-06-28,7112.0,7157.0,7067.0,7113.0,138476
2017-06-29,7134.0,7180.0,7089.0,7158.0,67088
2017-06-30,7157.0,7180.0,7089.0,7113.0,83136
2017-07-03,7157.0,7180.0,7089.0,7158.0,53808
2017-07-04,7202.0,7202.0,6976.0,7090.0,142092
2017-07-05,7067.0,7089.0,6976.0,7045.0,63402
2017-07-06,7044.0,7135.0,6999.0,7113.0,117798
2017-07-07,7112.0,7134.0,6976.0,7067.0,162764
2017-07-10,7134.0,7134.0,6976.0,7067.0,83870
2017-07-11,7066.0,7157.0,7044.0,7158.0,74826
2017-07-12,7157.0,7180.0,7089.0,7158.0,202572
2017-07-13,7180.0,7203.0,7112.0,7181.0,90338
2017-07-14,7180.0,7180.0,7021.0,7090.0,101646
2017-07-17,7089.0,7180.0,7089.0,7181.0,106578
2017-07-18,7180.0,7316.0,7135.0,7271.0,174092
2017-07-19,7293.0,7338.0,7225.0,7294.0,120830
2017-07-20,7565.0,7723.0,7451.0,7679.0,1169864
2017-07-21,7701.0,7814.0,7656.0,7724.0,286530
2017-07-24,7701.0,8063.0,7701.0,8019.0,864596
2017-07-25,8063.0,8199.0,8018.0,8087.0,489586
2017-07-26,8176.0,8176.0,7904.0,8132.0,225110
2017-07-27,8176.0,8199.0,8040.0,8041.0,183124
2017-07-28,8040.0,8040.0,7768.0,7905.0,269042
2017-07-31,7882.0,8154.0,7792.0,8109.0,269342
2017-08-01,8154.0,8313.0,8131.0,8155.0,495434
2017-08-02,8199.0,8289.0,8108.0,8290.0,246252
2017-08-03,8313.0,8335.0,8041.0,8109.0,237276
2017-08-04,8199.0,8358.0,8199.0,8313.0,445448
2017-08-07,8357.0,8493.0,8040.0,8064.0,478268
2017-08-08,8063.0,8131.0,7904.0,8041.0,212334
2017-08-09,8018.0,8063.0,7928.0,7951.0,110734
2017-08-10,7905.0,8018.0,7746.0,7951.0,145638
2017-08-11,7836.0,7859.0,7678.0,7815.0,230480
2017-08-14,7769.0,7860.0,7656.0,7792.0,122216
2017-08-16,7837.0,7860.0,7452.0,7566.0,433862
2017-08-17,7565.0,7860.0,7497.0,7792.0,273540
2017-08-18,7655.0,7768.0,7610.0,7747.0,100590
2017-08-21,7701.0,7746.0,7610.0,7679.0,65996
2017-08-22,7746.0,7904.0,7678.0,7837.0,203116
2017-08-23,7882.0,7950.0,7723.0,7815.0,123190
2017-08-24,7746.0,7814.0,7656.0,7724.0,184056
2017-08-25,7701.0,7882.0,7655.0,7769.0,120534
2017-08-28,7792.0,7860.0,7678.0,7724.0,94144
2017-08-29,7678.0,7746.0,7588.0,7724.0,140242
2017-08-30,7723.0,7814.0,7701.0,7747.0,118036
2017-08-31,7792.0,7950.0,7588.0,7928.0,275628
2017-09-01,7882.0,7995.0,7814.0,7951.0,185220
2017-09-04,7701.0,7905.0,7678.0,7724.0,163844
2017-09-05,7746.0,7791.0,7497.0,7588.0,206746
2017-09-06,7587.0,7610.0,7474.0,7520.0,169708
2017-09-07,7542.0,7587.0,7474.0,7543.0,186328
2017-09-08,7565.0,7565.0,7361.0,7430.0,208022
2017-09-11,7429.0,7542.0,7383.0,7520.0,84658
2017-09-12,7520.0,7542.0,7361.0,7430.0,194058
2017-09-13,7475.0,7565.0,7429.0,7475.0,144194
2017-09-14,7497.0,7565.0,7429.0,7498.0,50364
2017-09-15,7474.0,7474.0,7338.0,7452.0,101946
2017-09-18,7452.0,7520.0,7361.0,7475.0,80498
2017-09-19,7475.0,7520.0,7339.0,7430.0,120266
2017-09-20,7451.0,7451.0,7293.0,7384.0,134148
2017-09-21,7383.0,7383.0,7202.0,7226.0,146546
2017-09-22,7247.0,7293.0,7089.0,7294.0,204340
2017-09-25,7361.0,7361.0,7202.0,7248.0,125882
2017-09-26,7112.0,7361.0,7089.0,7339.0,109030
2017-09-27,7383.0,7383.0,7270.0,7316.0,36406
2017-09-28,7338.0,7406.0,7225.0,7384.0,82950
2017-09-29,7361.0,7497.0,7248.0,7475.0,156030
2017-10-10,7520.0,7656.0,7384.0,7566.0,176304
2017-10-11,7565.0,7882.0,7497.0,7724.0,245960
2017-10-12,7768.0,7768.0,7610.0,7679.0,135770
2017-10-13,7633.0,7724.0,7542.0,7634.0,108958
2017-10-16,7588.0,7724.0,7497.0,7566.0,74052
2017-10-17,7565.0,7724.0,7565.0,7656.0,98714
2017-10-18,7656.0,7701.0,7452.0,7566.0,97660
2017-10-19,7565.0,7610.0,7474.0,7588.0,59234
2017-10-20,7520.0,7928.0,7497.0,7928.0,224682
2017-10-23,7904.0,7904.0,7746.0,7747.0,131730
2017-10-24,7792.0,8177.0,7792.0,8019.0,503118
2017-10-25,8040.0,8086.0,7859.0,7973.0,141146
2017-10-26,7973.0,8086.0,7905.0,7951.0,138552
2017-10-27,8041.0,8086.0,7860.0,8019.0,145834
2017-10-30,8018.0,8018.0,7814.0,7883.0,118916
2017-10-31,7882.0,7882.0,7701.0,7769.0,124302
2017-11-01,7701.0,7836.0,7701.0,7769.0,185272
2017-11-02,7769.0,7769.0,7475.0,7566.0,243632
2017-11-03,7542.0,7633.0,7497.0,7566.0,178032
2017-11-06,7588.0,7610.0,7248.0,7430.0,204516
2017-11-07,7406.0,7451.0,7225.0,7452.0,294162
2017-11-08,7451.0,7497.0,7361.0,7452.0,78106
2017-11-09,7451.0,7474.0,7315.0,7452.0,160154
2017-11-10,7384.0,7475.0,7361.0,7430.0,110420
2017-11-13,7157.0,7338.0,7112.0,7294.0,376714
2017-11-14,7361.0,7361.0,7180.0,7248.0,146810
2017-11-15,7247.0,7247.0,6976.0,7022.0,276962
2017-11-16,6998.0,7066.0,6908.0,7022.0,165938
2017-11-17,6976.0,7021.0,6930.0,6999.0,88460
2017-11-20,7021.0,7044.0,6862.0,6863.0,150062
2017-11-21,6862.0,6930.0,6681.0,6795.0,263524
2017-11-22,6794.0,6862.0,6681.0,6795.0,139054
2017-11-23,6795.0,6840.0,6750.0,6818.0,88166
2017-11-24,6840.0,6863.0,6772.0,6818.0,63324
2017-11-27,6817.0,6862.0,6727.0,6773.0,115412
2017-11-28,6772.0,6953.0,6749.0,6931.0,229692
2017-11-29,6931.0,6931.0,6818.0,6886.0,92060
2017-11-30,6908.0,6908.0,6818.0,6818.0,85956
2017-12-01,6862.0,6862.0,6772.0,6841.0,69068
2017-12-04,6794.0,6862.0,6772.0,6841.0,76128
2017-12-05,6794.0,7112.0,6794.0,7090.0,254172
2017-12-06,7067.0,7067.0,6931.0,6977.0,69184
2017-12-07,6885.0,6953.0,6794.0,6841.0,102622
2017-12-08,6840.0,6862.0,6749.0,6863.0,83688
2017-12-11,6886.0,6908.0,6750.0,6909.0,46328
2017-12-12,6908.0,6931.0,6863.0,6909.0,31566
2017-12-13,6931.0,6999.0,6840.0,6977.0,112598
2017-12-14,6998.0,7066.0,6930.0,7022.0,84158
2017-12-15,7021.0,7135.0,6908.0,7135.0,156692
2017-12-18,7135.0,7157.0,6999.0,7113.0,58476
2017-12-19,7089.0,7089.0,6931.0,6954.0,49472
2017-12-20,6954.0,6999.0,6908.0,6977.0,47172
2017-12-21,6953.0,7134.0,6953.0,7067.0,184668
2017-12-22,7067.0,7089.0,6954.0,7045.0,63150
2017-12-26,7021.0,7112.0,6953.0,7022.0,102318
2017-12-27,6953.0,7066.0,6817.0,7022.0,162940
2017-12-28,7021.0,7021.0,6863.0,6909.0,88326
2018-01-02,6954.0,6976.0,6795.0,6909.0,121034
2018-01-03,6840.0,6976.0,6840.0,6977.0,58798
2018-01-04,6976.0,7066.0,6930.0,7022.0,120388
2018-01-05,7066.0,7066.0,6908.0,7022.0,100354
2018-01-08,6953.0,7066.0,6862.0,7022.0,118670
2018-01-09,7021.0,7044.0,6908.0,6954.0,76818
2018-01-10,6908.0,6999.0,6908.0,6977.0,94042
2018-01-11,6976.0,6999.0,6840.0,6886.0,138276
2018-01-12,6908.0,6931.0,6772.0,6818.0,116812
2018-01-15,6818.0,6840.0,6591.0,6682.0,208296
2018-01-16,6659.0,6659.0,6432.0,6478.0,312594
2018-01-17,6478.0,6591.0,6387.0,6456.0,295386
2018-01-18,6478.0,6546.0,6410.0,6524.0,181068
2018-01-19,6500.0,6523.0,6432.0,6501.0,126568
2018-01-22,6500.0,6523.0,6433.0,6456.0,84976
2018-01-23,6477.0,6613.0,6455.0,6546.0,181328
2018-01-24,6591.0,6862.0,6545.0,6863.0,415758
2018-01-25,6840.0,7067.0,6840.0,6977.0,390120
2018-01-26,7021.0,7021.0,6840.0,6909.0,145050
2018-01-29,6930.0,6976.0,6794.0,6841.0,233442
2018-01-30,6840.0,6954.0,6818.0,6886.0,121810
2018-01-31,6840.0,6976.0,6794.0,6931.0,167348
2018-02-01,6931.0,7044.0,6886.0,6954.0,187150
2018-02-02,6976.0,6976.0,6817.0,6841.0,102082
2018-02-05,6772.0,6772.0,6614.0,6660.0,121240
2018-02-06,6500.0,6636.0,6387.0,6614.0,204166
2018-02-07,6659.0,6681.0,6477.0,6546.0,69696
2018-02-08,6523.0,6659.0,6477.0,6637.0,91830
2018-02-09,6500.0,6931.0,6478.0,6728.0,556820
2018-02-12,6727.0,6795.0,6546.0,6592.0,124818
2018-02-13,6591.0,6614.0,6433.0,6433.0,161638
2018-02-14,6410.0,6478.0,6365.0,6456.0,84026
2018-02-19,6500.0,6500.0,6387.0,6456.0,136038
2018-02-20,6478.0,6478.0,6387.0,6456.0,114270
2018-02-21,6477.0,6500.0,6432.0,6478.0,33602
2018-02-22,6433.0,6478.0,6319.0,6456.0,113354
2018-02-23,6455.0,6636.0,6455.0,6592.0,154316
2018-02-26,6659.0,6931.0,6614.0,6750.0,385488
2018-02-27,6840.0,6863.0,6523.0,6660.0,136134
2018-02-28,6613.0,6613.0,6477.0,6569.0,154190
2018-03-02,6477.0,6568.0,6432.0,6569.0,74658
2018-03-05,6500.0,6523.0,6138.0,6207.0,315668
2018-03-06,6228.0,6319.0,6206.0,6252.0,79910
2018-03-07,6297.0,6297.0,6183.0,6229.0,64356
2018-03-08,6433.0,6614.0,6183.0,6229.0,401346
2018-03-09,6160.0,6206.0,6070.0,6184.0,296136
2018-03-12,6183.0,6229.0,6138.0,6229.0,65054
2018-03-13,6251.0,6251.0,6161.0,6229.0,53380
2018-03-14,6206.0,6206.0,6093.0,6161.0,91204
2018-03-15,6160.0,6160.0,6024.0,6093.0,149360
2018-03-16,6093.0,6093.0,5889.0,5935.0,275078
2018-03-19,5934.0,6002.0,5888.0,5957.0,108818
2018-03-20,5980.0,6002.0,5934.0,6003.0,46414
2018-03-21,5980.0,6002.0,5889.0,5935.0,141736
2018-03-22,5934.0,5980.0,5753.0,5867.0,260344
2018-03-23,5730.0,5776.0,5413.0,5550.0,367234
2018-03-26,5459.0,5549.0,5391.0,5459.0,224248
2018-03-27,5481.0,5503.0,5299.0,5436.0,240550
2018-03-28,5390.0,5435.0,5277.0,5368.0,95344
2018-03-29,5367.0,5481.0,5322.0,5436.0,59526
2018-03-30,5481.0,5526.0,5391.0,5482.0,160142
2018-04-02,5436.0,5481.0,5345.0,5459.0,91570
2018-04-03,5436.0,5436.0,5345.0,5414.0,66140
2018-04-04,5367.0,5435.0,5299.0,5346.0,106750
2018-04-05,5368.0,5504.0,5345.0,5459.0,94338
2018-04-06,5436.0,5504.0,5368.0,5482.0,51708
2018-04-09,5481.0,5844.0,5413.0,5686.0,479254
2018-04-10,5640.0,5640.0,5481.0,5640.0,147716
2018-04-11,5640.0,5640.0,5459.0,5482.0,142862
2018-04-12,5503.0,5594.0,5458.0,5572.0,75108
2018-04-13,5617.0,5708.0,5504.0,5618.0,120954
2018-04-16,5617.0,5708.0,5526.0,5708.0,150160
2018-04-17,5707.0,5888.0,5685.0,5821.0,336828
2018-04-18,5821.0,6047.0,5776.0,6003.0,331554
2018-04-19,6025.0,6047.0,5844.0,5980.0,161994
2018-04-20,6047.0,6161.0,5957.0,6161.0,236578
2018-04-23,6115.0,6160.0,6024.0,6093.0,106570
2018-04-24,6092.0,6115.0,5888.0,5957.0,166890
2018-04-25,5844.0,5980.0,5798.0,5844.0,96236
2018-04-26,5934.0,5980.0,5866.0,5935.0,49854
2018-04-27,5980.0,5980.0,5821.0,5867.0,63904
2018-04-30,5866.0,6138.0,5843.0,6025.0,240952
2018-05-02,6025.0,6070.0,5957.0,6003.0,97806
2018-05-03,6002.0,6092.0,5956.0,6025.0,118284
2018-05-04,6092.0,6115.0,5979.0,6025.0,84190
2018-05-08,6070.0,6093.0,5934.0,5980.0,76176
2018-05-09,5980.0,5980.0,5821.0,5844.0,114896
2018-05-10,5911.0,6115.0,5798.0,6048.0,277704
2018-05-11,6092.0,6115.0,6002.0,6025.0,57860
2018-05-14,5956.0,6138.0,5888.0,6116.0,205284
2018-05-15,6115.0,6206.0,6047.0,6116.0,200464
2018-05-16,6070.0,6070.0,5821.0,5912.0,210394
2018-05-17,5934.0,5934.0,5685.0,5731.0,183906
2018-05-18,5775.0,5911.0,5752.0,5889.0,115556
2018-05-21,5820.0,5888.0,5752.0,5821.0,81632
2018-05-23,5821.0,5912.0,5821.0,5844.0,45030
2018-05-24,5866.0,5934.0,5844.0,5867.0,34380
2018-05-25,5798.0,5798.0,5662.0,5708.0,105616
2018-05-28,5752.0,5820.0,5662.0,5799.0,68984
2018-05-29,5798.0,5798.0,5708.0,5776.0,64294
2018-05-30,5752.0,5798.0,5617.0,5753.0,84566
2018-05-31,5776.0,5776.0,5594.0,5640.0,140246
2018-06-01,5594.0,5776.0,5572.0,5640.0,77798
2018-06-04,5639.0,5798.0,5617.0,5663.0,50066
2018-06-05,5662.0,5685.0,5459.0,5550.0,334586
2018-06-07,5617.0,5798.0,5617.0,5753.0,177664
2018-06-08,5798.0,5957.0,5730.0,5844.0,382784
2018-06-11,5889.0,5980.0,5844.0,5912.0,151604
2018-06-12,5957.0,5957.0,5866.0,5912.0,50268
2018-06-14,5889.0,5912.0,5776.0,5844.0,54376
2018-06-15,5798.0,5889.0,5685.0,5844.0,120182
2018-06-18,5844.0,5912.0,5685.0,5686.0,79472
2018-06-19,5662.0,5730.0,5459.0,5482.0,104872
2018-06-20,5481.0,5571.0,5481.0,5572.0,52018
2018-06-21,5617.0,5617.0,5435.0,5527.0,57546
2018-06-22,5526.0,5526.0,5367.0,5527.0,75584
2018-06-25,5503.0,5549.0,5413.0,5527.0,20100
2018-06-26,5436.0,5481.0,5300.0,5414.0,138510
2018-06-27,5458.0,5458.0,5209.0,5210.0,132392
2018-06-28,5254.0,5254.0,5073.0,5210.0,79308
2018-06-29,5164.0,5209.0,5073.0,5210.0,63108
2018-07-02,5164.0,5187.0,5051.0,5119.0,75568
2018-07-03,5073.0,5096.0,4846.0,4915.0,272034
2018-07-04,4914.0,4982.0,4869.0,4983.0,60344
2018-07-05,5005.0,5005.0,4824.0,4870.0,67826
2018-07-06,4914.0,5050.0,4869.0,5051.0,36598
2018-07-09,5073.0,5096.0,4938.0,5029.0,37956
2018-07-10,5028.0,5096.0,4983.0,5029.0,35258
2018-07-11,5073.0,5073.0,4914.0,4983.0,40770
2018-07-12,4982.0,5028.0,4914.0,5006.0,40742
2018-07-13,5050.0,5073.0,5005.0,5051.0,23662
2018-07-16,5096.0,5096.0,4937.0,4983.0,75128
2018-07-17,5073.0,5073.0,4915.0,4961.0,151734
2018-07-18,4960.0,5005.0,4892.0,4938.0,145336
2018-07-19,4960.0,4960.0,4847.0,4893.0,95720
2018-07-20,4914.0,4982.0,4869.0,4983.0,72144
2018-07-23,5005.0,5005.0,4937.0,4983.0,45100
2018-07-24,4937.0,5005.0,4914.0,5006.0,59030
2018-07-25,5005.0,5073.0,4960.0,4983.0,53494
2018-07-26,5028.0,5073.0,4892.0,4961.0,71046
2018-07-27,4937.0,5141.0,4937.0,5074.0,122488
2018-07-30,5096.0,5164.0,5073.0,5097.0,94800
2018-07-31,5096.0,5141.0,5005.0,5051.0,95972
2018-08-01,5141.0,5232.0,5028.0,5074.0,144766
2018-08-02,5118.0,5141.0,4982.0,4983.0,141446
2018-08-03,5028.0,5119.0,4983.0,5097.0,60692
2018-08-06,5096.0,5209.0,5005.0,5074.0,184262
2018-08-07,5073.0,5141.0,5005.0,5097.0,128684
2018-08-08,5119.0,5141.0,4960.0,5029.0,222820
2018-08-09,5005.0,5051.0,4892.0,4938.0,252862
2018-08-10,4937.0,4960.0,4869.0,4915.0,165020
2018-08-13,4915.0,5300.0,4892.0,5255.0,666750
2018-08-14,5254.0,5345.0,5096.0,5210.0,242984
2018-08-16,5096.0,5164.0,4892.0,5119.0,328596
2018-08-17,5096.0,5255.0,5073.0,5233.0,197434
2018-08-20,5277.0,5436.0,5209.0,5414.0,323582
2018-08-21,5413.0,5504.0,5323.0,5459.0,275952
2018-08-22,5413.0,5526.0,5322.0,5504.0,186862
2018-08-23,5503.0,5526.0,5322.0,5346.0,131424
2018-08-24,5345.0,5345.0,5255.0,5323.0,90492
2018-08-27,5345.0,5367.0,5277.0,5300.0,54664
2018-08-28,5299.0,5390.0,5254.0,5300.0,59558
2018-08-29,5299.0,5367.0,5299.0,5346.0,43220
2018-08-30,5345.0,5367.0,5322.0,5346.0,35788
2018-08-31,5368.0,5368.0,5209.0,5323.0,114088
2018-09-03,5322.0,5322.0,5209.0,5278.0,76888
2018-09-04,5232.0,5277.0,5209.0,5233.0,71066
2018-09-05,5232.0,5255.0,5164.0,5187.0,84412
2018-09-06,5187.0,5209.0,5028.0,5097.0,110576
2018-09-07,5119.0,5119.0,5028.0,5119.0,67406
2018-09-10,5141.0,5141.0,5051.0,5119.0,45068
2018-09-11,5141.0,5164.0,5028.0,5051.0,98910
2018-09-12,5028.0,5096.0,4960.0,5006.0,189536
2018-09-13,5028.0,5073.0,4982.0,5006.0,120206
2018-09-14,5028.0,5073.0,5005.0,5051.0,105410
2018-09-17,5073.0,5096.0,5005.0,5006.0,49516
2018-09-18,4983.0,5028.0,4960.0,5029.0,79418
2018-09-19,5028.0,5028.0,4938.0,4961.0,84336
2018-09-20,4983.0,4983.0,4870.0,4938.0,181206
2018-09-21,4960.0,5051.0,4938.0,4961.0,42522
2018-09-27,4982.0,5028.0,4960.0,5006.0,51860
2018-09-28,5005.0,5050.0,4982.0,5006.0,33348
2018-10-01,4982.0,5005.0,4960.0,5006.0,33976
2018-10-02,5005.0,5028.0,4960.0,4983.0,86122
2018-10-04,4982.0,4982.0,4869.0,4915.0,95168
2018-10-05,4914.0,4914.0,4778.0,4847.0,118956
2018-10-08,4846.0,4914.0,4824.0,4847.0,36004
2018-10-10,4824.0,4914.0,4643.0,4689.0,104408
2018-10-11,4529.0,4643.0,4457.0,4467.0,240256
2018-10-12,4466.0,4597.0,4466.0,4598.0,96402
2018-10-15,4598.0,4598.0,4494.0,4576.0,102326
2018-10-16,4525.0,4597.0,4525.0,4598.0,39306
2018-10-17,4597.0,4688.0,4597.0,4689.0,38298
2018-10-18,4688.0,4711.0,4529.0,4553.0,97410
2018-10-19,4498.0,4525.0,4452.0,4453.0,264130
2018-10-22,4452.0,4620.0,4439.0,4621.0,106774
2018-10-23,4734.0,4779.0,4494.0,4508.0,278988
2018-10-24,4530.0,4575.0,4489.0,4517.0,96354
2018-10-25,4439.0,4439.0,4312.0,4435.0,145078
2018-10-26,4416.0,4507.0,4312.0,4408.0,112080
2018-10-29,4416.0,4470.0,4303.0,4385.0,132326
2018-10-30,4262.0,4389.0,4194.0,4254.0,269220
2018-10-31,4294.0,4389.0,4235.0,4363.0,112988
2018-11-01,4362.0,4530.0,4362.0,4422.0,124894
2018-11-02,4430.0,4643.0,4430.0,4644.0,159504
2018-11-05,4597.0,4620.0,4529.0,4598.0,70086
2018-11-06,4597.0,4665.0,4575.0,4621.0,52472
2018-11-07,4666.0,4711.0,4575.0,4644.0,64068
2018-11-08,4711.0,4756.0,4598.0,4712.0,87768
2018-11-09,4711.0,4734.0,4643.0,4734.0,22638
2018-11-12,4688.0,4711.0,4620.0,4666.0,33264
2018-11-13,4620.0,4643.0,4552.0,4644.0,32358
2018-11-14,4643.0,4711.0,4530.0,4666.0,58216
2018-11-15,4665.0,4711.0,4620.0,4689.0,43156
2018-11-16,4711.0,4711.0,4620.0,4689.0,48810
2018-11-19,4711.0,4756.0,4643.0,4757.0,58238
2018-11-20,4688.0,4756.0,4666.0,4734.0,32008
2018-11-21,4643.0,4756.0,4620.0,4734.0,33122
2018-11-22,4756.0,4756.0,4688.0,4712.0,18462
2018-11-23,4733.0,4733.0,4620.0,4689.0,39782
2018-11-26,4688.0,4711.0,4643.0,4644.0,51066
2018-11-27,4711.0,4711.0,4643.0,4712.0,36700
2018-11-28,4711.0,4733.0,4643.0,4689.0,48692
2018-11-29,4756.0,4802.0,4688.0,4734.0,104090
2018-11-30,4734.0,4802.0,4734.0,4734.0,45602
2018-12-03,4756.0,4870.0,4756.0,4870.0,107048
2018-12-04,4847.0,4892.0,4802.0,4870.0,42614
2018-12-05,4801.0,4846.0,4801.0,4847.0,45426
2018-12-06,4847.0,4847.0,4666.0,4712.0,85758
2018-12-07,4733.0,4801.0,4529.0,4779.0,98506
2018-12-10,4688.0,4711.0,4530.0,4666.0,141624
2018-12-11,4665.0,4665.0,4552.0,4621.0,90446
2018-12-12,4620.0,4688.0,4598.0,4666.0,40114
2018-12-13,4688.0,4756.0,4620.0,4757.0,59334
2018-12-14,4802.0,4802.0,4575.0,4576.0,198136
2018-12-17,4597.0,4688.0,4552.0,4553.0,139948
2018-12-18,4552.0,4620.0,4529.0,4598.0,139410
2018-12-19,4598.0,4643.0,4575.0,4644.0,87100
2018-12-20,4620.0,4666.0,4598.0,4666.0,41078
2018-12-21,4665.0,4688.0,4620.0,4689.0,66530
2018-12-24,4688.0,4802.0,4666.0,4712.0,171024
2018-12-26,4666.0,4734.0,4666.0,4734.0,236446
2018-12-27,4688.0,4711.0,4530.0,4576.0,145938
2018-12-28,4552.0,4597.0,4529.0,4530.0,75686
2019-01-02,4466.0,4466.0,4240.0,4263.0,355838
2019-01-03,4226.0,4303.0,4190.0,4222.0,161642
2019-01-04,4221.0,4257.0,4171.0,4249.0,84714
2019-01-07,4258.0,4308.0,4249.0,4281.0,63368
2019-01-08,4281.0,4317.0,4235.0,4281.0,50074
2019-01-09,4280.0,4371.0,4257.0,4299.0,98708
2019-01-10,4298.0,4380.0,4276.0,4331.0,47310
2019-01-11,4357.0,4362.0,4294.0,4317.0,38470
2019-01-14,4317.0,4362.0,4312.0,4336.0,47900
2019-01-15,4335.0,4344.0,4308.0,4345.0,79916
2019-01-16,4353.0,4407.0,4349.0,4367.0,70062
2019-01-17,4402.0,4402.0,4348.0,4390.0,75800
2019-01-18,4389.0,4407.0,4371.0,4399.0,48836
2019-01-21,4448.0,4575.0,4398.0,4553.0,171894
2019-01-22,4530.0,4598.0,4475.0,4512.0,77582
2019-01-23,4511.0,4620.0,4479.0,4598.0,80620
2019-01-24,4575.0,4597.0,4529.0,4598.0,33148
2019-01-25,4620.0,4620.0,4530.0,4576.0,78886
2019-01-28,4575.0,4643.0,4575.0,4598.0,74048
2019-01-29,4620.0,4620.0,4530.0,4576.0,41492
2019-01-30,4575.0,4620.0,4521.0,4576.0,100590
2019-01-31,4575.0,4620.0,4552.0,4621.0,62234
2019-02-01,4620.0,4666.0,4598.0,4644.0,41984
2019-02-07,4666.0,4666.0,4575.0,4666.0,71622
2019-02-08,4643.0,4643.0,4530.0,4576.0,86744
2019-02-11,4552.0,4597.0,4525.0,4553.0,70442
2019-02-12,4552.0,4598.0,4516.0,4521.0,133322
2019-02-13,4529.0,4575.0,4520.0,4553.0,94372
2019-02-14,4575.0,4575.0,4525.0,4553.0,52686
2019-02-15,4575.0,4575.0,4516.0,4530.0,31420
2019-02-18,4552.0,4620.0,4525.0,4621.0,87086
2019-02-19,4643.0,4643.0,4552.0,4598.0,47366
2019-02-20,4620.0,4643.0,4597.0,4621.0,86312
2019-02-21,4643.0,4643.0,4575.0,4621.0,44768
2019-02-22,4620.0,4620.0,4552.0,4576.0,46600
2019-02-25,4575.0,4643.0,4575.0,4621.0,67774
2019-02-26,4620.0,4643.0,4575.0,4576.0,48406
2019-02-27,4597.0,4665.0,4575.0,4621.0,61906
2019-02-28,4643.0,4666.0,4575.0,4576.0,96694
2019-03-04,4575.0,4620.0,4552.0,4598.0,74172
2019-03-05,4598.0,4598.0,4525.0,4576.0,82290
2019-03-06,4575.0,4575.0,4493.0,4530.0,83590
2019-03-07,4552.0,4552.0,4494.0,4512.0,54270
2019-03-08,4494.0,4530.0,4480.0,4494.0,48064
2019-03-11,4516.0,4516.0,4398.0,4440.0,47394
2019-03-12,4434.0,4498.0,4434.0,4453.0,38340
2019-03-13,4466.0,4489.0,4425.0,4458.0,52804
2019-03-14,4471.0,4494.0,4421.0,4485.0,67722
2019-03-15,4489.0,4498.0,4453.0,4485.0,37718
2019-03-18,4484.0,4493.0,4457.0,4476.0,31608
2019-03-19,4498.0,4521.0,4453.0,4490.0,44318
2019-03-20,4489.0,4489.0,4416.0,4476.0,45074
2019-03-21,4443.0,4479.0,4425.0,4462.0,35134
2019-03-22,4502.0,4502.0,4353.0,4408.0,131744
2019-03-25,4375.0,4375.0,4303.0,4304.0,88464
2019-03-26,4340.0,4358.0,4276.0,4358.0,71498
2019-03-27,4380.0,4380.0,4303.0,4313.0,36516
2019-03-28,4281.0,4340.0,4267.0,4340.0,58816
2019-03-29,4353.0,4362.0,4294.0,4363.0,25768
2019-04-01,4353.0,4421.0,4353.0,4413.0,34366
2019-04-02,4421.0,4430.0,4394.0,4413.0,20080
2019-04-03,4412.0,4430.0,4376.0,4431.0,15518
2019-04-04,4434.0,4452.0,4402.0,4453.0,21022
2019-04-05,4439.0,4507.0,4439.0,4471.0,43694
2019-04-08,4475.0,4552.0,4448.0,4530.0,69450
2019-04-09,4529.0,4643.0,4520.0,4530.0,178678
2019-04-10,4529.0,4620.0,4525.0,4598.0,98654
2019-04-11,4575.0,4620.0,4529.0,4598.0,74132
2019-04-12,4575.0,4620.0,4529.0,4621.0,43694
2019-04-15,4666.0,4666.0,4575.0,4644.0,79984
2019-04-16,4643.0,4643.0,4575.0,4621.0,24970
2019-04-17,4598.0,4620.0,4552.0,4576.0,25098
2019-04-18,4552.0,4575.0,4511.0,4530.0,60800
2019-04-19,4575.0,4575.0,4525.0,4576.0,32018
2019-04-22,4597.0,4620.0,4529.0,4621.0,68750
2019-04-23,4575.0,4620.0,4552.0,4598.0,14656
2019-04-24,4597.0,4597.0,4525.0,4553.0,30150
2019-04-25,4575.0,4575.0,4520.0,4530.0,47014
2019-04-26,4529.0,4529.0,4493.0,4530.0,32652
2019-04-29,4525.0,4529.0,4493.0,4530.0,34006
2019-04-30,4552.0,4575.0,4485.0,4576.0,65326
2019-05-02,4575.0,4598.0,4525.0,4576.0,35108
2019-05-03,4552.0,4597.0,4529.0,4553.0,19624
2019-05-07,4489.0,4552.0,4489.0,4521.0,14308
2019-05-08,4529.0,4552.0,4489.0,4530.0,28536
2019-05-09,4552.0,4552.0,4444.0,4508.0,64228
2019-05-10,4502.0,4502.0,4430.0,4453.0,54838
2019-05-13,4480.0,4480.0,4380.0,4417.0,57958
2019-05-14,4348.0,4402.0,4348.0,4403.0,30786
2019-05-15,4417.0,4448.0,4389.0,4440.0,14066
2019-05-16,4403.0,4444.0,4308.0,4372.0,76170
2019-05-17,4416.0,4434.0,4371.0,4403.0,27796
2019-05-20,4353.0,4398.0,4353.0,4381.0,21022
2019-05-21,4380.0,4380.0,4326.0,4349.0,22784
2019-05-22,4349.0,4376.0,4330.0,4372.0,23826
2019-05-23,4371.0,4389.0,4303.0,4372.0,32958
2019-05-24,4371.0,4371.0,4317.0,4372.0,33732
2019-05-27,4375.0,4398.0,4339.0,4390.0,16352
2019-05-28,4394.0,4412.0,4380.0,4413.0,12872
2019-05-29,4412.0,4412.0,4344.0,4390.0,27656
2019-05-30,4462.0,4462.0,4290.0,4349.0,78074
2019-05-31,4367.0,4367.0,4303.0,4340.0,23850
2019-06-03,4339.0,4362.0,4280.0,4304.0,26324
2019-06-04,4303.0,4335.0,4253.0,4308.0,66272
2019-06-05,4303.0,4308.0,4258.0,4286.0,64130
2019-06-07,4303.0,4308.0,4267.0,4286.0,26740
2019-06-10,4276.0,4299.0,4253.0,4295.0,21826
2019-06-11,4299.0,4376.0,4285.0,4372.0,52006
2019-06-12,4335.0,4393.0,4307.0,4381.0,38278
2019-06-13,4380.0,4398.0,4312.0,4399.0,27360
2019-06-14,4412.0,4412.0,4357.0,4385.0,33254
2019-06-17,4385.0,4385.0,4335.0,4363.0,20762
2019-06-18,4389.0,4389.0,4326.0,4349.0,16782
2019-06-19,4362.0,4367.0,4321.0,4354.0,19520
2019-06-20,4362.0,4389.0,4330.0,4385.0,17886
2019-06-21,4393.0,4412.0,4348.0,4376.0,18468
2019-06-24,4398.0,4398.0,4348.0,4376.0,11566
2019-06-25,4353.0,4376.0,4349.0,4349.0,18818
2019-06-26,4362.0,4362.0,4321.0,4331.0,29526
2019-06-27,4344.0,4348.0,4316.0,4322.0,27400
2019-06-28,4357.0,4357.0,4285.0,4331.0,24518
2019-07-01,4335.0,4349.0,4321.0,4349.0,7644
2019-07-02,4348.0,4348.0,4312.0,4317.0,10722
2019-07-03,4362.0,4362.0,4303.0,4326.0,18902
2019-07-04,4326.0,4367.0,4326.0,4367.0,38016
2019-07-05,4362.0,4367.0,4335.0,4367.0,11120
2019-07-08,4367.0,4367.0,4267.0,4286.0,28026
2019-07-09,4258.0,4367.0,4235.0,4281.0,30502
2019-07-10,4280.0,4307.0,4253.0,4308.0,15068
2019-07-11,4308.0,4308.0,4272.0,4277.0,26382
2019-07-12,4267.0,4290.0,4249.0,4286.0,30212
2019-07-15,4303.0,4308.0,4235.0,4286.0,74306
2019-07-16,4303.0,4317.0,4249.0,4281.0,33200
2019-07-17,4303.0,4303.0,4226.0,4258.0,20700
2019-07-18,4276.0,4276.0,4213.0,4277.0,24478
2019-07-19,4271.0,4271.0,4244.0,4258.0,17790
2019-07-22,4257.0,4257.0,4230.0,4254.0,10816
2019-07-23,4258.0,4285.0,4240.0,4268.0,16654
2019-07-24,4285.0,4285.0,4222.0,4272.0,13512
2019-07-25,4271.0,4271.0,4122.0,4254.0,95928
2019-07-26,4244.0,4244.0,4162.0,4236.0,27090
2019-07-29,4235.0,4235.0,4118.0,4204.0,31536
2019-07-30,4167.0,4167.0,4118.0,4136.0,17998
2019-07-31,4167.0,4167.0,4077.0,4123.0,21064
2019-08-01,4122.0,4149.0,4068.0,4136.0,17168
2019-08-02,4140.0,4140.0,4036.0,4141.0,34090
2019-08-05,4149.0,4149.0,3968.0,3973.0,48064
2019-08-06,3859.0,3986.0,3737.0,3987.0,74750
2019-08-07,3982.0,4303.0,3918.0,4123.0,252670
2019-08-08,4213.0,4290.0,4176.0,4272.0,279652
2019-08-09,4285.0,4325.0,4248.0,4313.0,96734
2019-08-12,4312.0,4317.0,4226.0,4286.0,63248
2019-08-13,4280.0,4348.0,4253.0,4322.0,106680
2019-08-14,4321.0,4412.0,4321.0,4413.0,135074
2019-08-16,4385.0,4412.0,4335.0,4413.0,28908
2019-08-19,4416.0,4461.0,4375.0,4453.0,81068
2019-08-20,4453.0,4471.0,4412.0,4440.0,46730
2019-08-21,4439.0,4552.0,4439.0,4526.0,155044
2019-08-22,4511.0,4552.0,4479.0,4553.0,31080
2019-08-23,4552.0,4575.0,4389.0,4449.0,114730
2019-08-26,4393.0,4393.0,4307.0,4390.0,56266
2019-08-27,4439.0,4439.0,4335.0,4340.0,25040
2019-08-28,4371.0,4371.0,4303.0,4354.0,23500
2019-08-29,4321.0,4385.0,4321.0,4349.0,15428
2019-08-30,4394.0,4407.0,4358.0,4372.0,49146
2019-09-02,4485.0,4575.0,4439.0,4512.0,228672
2019-09-03,4512.0,4525.0,4471.0,4490.0,52090
2019-09-04,4443.0,4507.0,4443.0,4462.0,24778
2019-09-05,4466.0,4498.0,4430.0,4453.0,74090
2019-09-06,4443.0,4475.0,4434.0,4476.0,29580
2019-09-09,4448.0,4475.0,4417.0,4417.0,23454
2019-09-10,4439.0,4457.0,4407.0,4440.0,54574
2019-09-11,4448.0,4575.0,4434.0,4530.0,80560
2019-09-16,4525.0,4597.0,4516.0,4598.0,91780
2019-09-17,4598.0,4598.0,4525.0,4576.0,88626
2019-09-18,4552.0,4552.0,4485.0,4499.0,71092
2019-09-19,4503.0,4552.0,4480.0,4508.0,31996
2019-09-20,4507.0,4521.0,4457.0,4508.0,24976
2019-09-23,4466.0,4521.0,4466.0,4490.0,14976
2019-09-24,4475.0,4552.0,4471.0,4517.0,32740
2019-09-25,4503.0,4620.0,4489.0,4576.0,137992
2019-09-26,4620.0,4665.0,4529.0,4598.0,104916
2019-09-27,4598.0,4802.0,4530.0,4802.0,285580
2019-09-30,4846.0,5096.0,4778.0,5051.0,639118
2019-10-01,5096.0,5141.0,5005.0,5074.0,294276
2019-10-02,5028.0,5141.0,4914.0,5074.0,267414
2019-10-04,5141.0,5322.0,5096.0,5210.0,454628
2019-10-07,5209.0,5299.0,5118.0,5210.0,217462
2019-10-08,5232.0,5277.0,5119.0,5233.0,265636
2019-10-10,5209.0,5254.0,5164.0,5210.0,106410
2019-10-11,5209.0,5277.0,5141.0,5255.0,157936
2019-10-14,5255.0,5436.0,5232.0,5391.0,297448
2019-10-15,5413.0,5413.0,5277.0,5323.0,164342
2019-10-16,5300.0,5413.0,5277.0,5323.0,150662
2019-10-17,5255.0,5323.0,5073.0,5165.0,584204
2019-10-18,5141.0,5209.0,4982.0,5051.0,359920
2019-10-21,5028.0,5073.0,4915.0,4938.0,99740
2019-10-22,5028.0,5209.0,4982.0,5051.0,323376
2019-10-23,5051.0,5141.0,4915.0,5097.0,207798
2019-10-24,5096.0,5119.0,4938.0,5097.0,112186
2019-10-25,5028.0,5073.0,4914.0,4983.0,138664
2019-10-28,4983.0,4983.0,4756.0,4870.0,169436
2019-10-29,4915.0,5051.0,4802.0,4961.0,155240
2019-10-30,4960.0,4982.0,4869.0,4915.0,58088
2019-10-31,4892.0,4914.0,4756.0,4847.0,219842
2019-11-01,4801.0,5005.0,4778.0,5006.0,179612
2019-11-04,4982.0,5028.0,4869.0,4983.0,118964
2019-11-05,4983.0,4983.0,4892.0,4938.0,43544
2019-11-06,4892.0,4960.0,4869.0,4915.0,67834
2019-11-07,5005.0,5254.0,4869.0,5006.0,941594
2019-11-08,4960.0,5028.0,4915.0,4938.0,60152
2019-11-11,4892.0,5028.0,4870.0,4961.0,129114
2019-11-12,4892.0,4960.0,4870.0,4961.0,87064
2019-11-13,4960.0,4960.0,4869.0,4915.0,73268
2019-11-14,4915.0,4983.0,4870.0,4893.0,41404
2019-11-15,4869.0,4892.0,4643.0,4825.0,380542
2019-11-18,4824.0,4824.0,4733.0,4779.0,57276
2019-11-19,4778.0,4846.0,4756.0,4825.0,34950
2019-11-20,4801.0,4846.0,4711.0,4757.0,71538
2019-11-21,4756.0,4846.0,4665.0,4779.0,59022
2019-11-22,4756.0,4824.0,4734.0,4802.0,40552
2019-11-25,4801.0,4801.0,4575.0,4689.0,326452
2019-11-26,4688.0,4688.0,4575.0,4689.0,143204
2019-11-27,4688.0,4688.0,4598.0,4666.0,67616
2019-11-28,4666.0,4666.0,4598.0,4666.0,94006
2019-11-29,4666.0,4711.0,4620.0,4712.0,80858
2019-12-02,4711.0,4711.0,4620.0,4666.0,29468
2019-12-03,4597.0,4665.0,4575.0,4598.0,41344
2019-12-04,4597.0,4620.0,4520.0,4621.0,71726
2019-12-05,4597.0,4620.0,4529.0,4553.0,48526
2019-12-06,4552.0,4598.0,4552.0,4576.0,16498
2019-12-09,4575.0,4620.0,4530.0,4576.0,45802
2019-12-10,4598.0,4598.0,4525.0,4576.0,64954
2019-12-11,4552.0,4620.0,4552.0,4621.0,43914
2019-12-12,4666.0,4688.0,4620.0,4666.0,82186
2019-12-13,4666.0,4983.0,4643.0,4893.0,576948
2019-12-16,4869.0,4982.0,4778.0,4847.0,124518
2019-12-17,4846.0,4937.0,4801.0,4915.0,69538
2019-12-18,4870.0,4915.0,4824.0,4870.0,24328
2019-12-19,4846.0,4869.0,4801.0,4825.0,40836
2019-12-20,4824.0,4869.0,4756.0,4825.0,35508
2019-12-23,4824.0,4869.0,4778.0,4825.0,45776
2019-12-24,4824.0,4846.0,4801.0,4825.0,49408
2019-12-26,4824.0,4937.0,4824.0,4915.0,189546
2019-12-27,4756.0,4847.0,4734.0,4802.0,90670
2019-12-30,4802.0,4870.0,4711.0,4802.0,100596
2020-01-02,4801.0,4801.0,4665.0,4689.0,127222
2020-01-03,4688.0,4870.0,4666.0,4666.0,62000
2020-01-06,4666.0,4666.0,4503.0,4576.0,168394
2020-01-07,4575.0,4575.0,4503.0,4512.0,99578
2020-01-08,4512.0,4512.0,4344.0,4354.0,171106
2020-01-09,4412.0,4435.0,4317.0,4363.0,123440
2020-01-10,4362.0,4385.0,4330.0,4358.0,49018
2020-01-13,4340.0,4439.0,4340.0,4431.0,79166
2020-01-14,4430.0,4479.0,4430.0,4449.0,46910
2020-01-15,4425.0,4484.0,4425.0,4453.0,75680
2020-01-16,4462.0,4489.0,4417.0,4417.0,32828
2020-01-17,4416.0,4439.0,4348.0,4394.0,75744
2020-01-20,4417.0,4417.0,4349.0,4349.0,64936
2020-01-21,4367.0,4394.0,4349.0,4372.0,39536
2020-01-22,4375.0,4398.0,4339.0,4394.0,35946
2020-01-23,4384.0,4402.0,4325.0,4403.0,58608
2020-01-28,4321.0,4321.0,4235.0,4304.0,72202
2020-01-29,4326.0,4326.0,4217.0,4281.0,38464
2020-01-30,4294.0,4294.0,4140.0,4249.0,83112
2020-01-31,4248.0,4248.0,4144.0,4159.0,65486
2020-02-03,4140.0,4154.0,4077.0,4118.0,47612
2020-02-04,4118.0,4258.0,4118.0,4213.0,25628
2020-02-05,4230.0,4230.0,4140.0,4154.0,53324
2020-02-06,4181.0,4231.0,4176.0,4213.0,36478
2020-02-07,4212.0,4221.0,4149.0,4159.0,27404
2020-02-10,4153.0,4162.0,4122.0,4159.0,39638
2020-02-11,4158.0,4190.0,4158.0,4181.0,34424
2020-02-12,4171.0,4194.0,4126.0,4177.0,42504
2020-02-13,4180.0,4212.0,4153.0,4177.0,61082
2020-02-14,4208.0,4208.0,4144.0,4181.0,33532
2020-02-17,4180.0,4180.0,4140.0,4163.0,25332
2020-02-18,4203.0,4208.0,4131.0,4168.0,29728
2020-02-19,4190.0,4190.0,4086.0,4123.0,51206
2020-02-20,4135.0,4135.0,4036.0,4100.0,87406
2020-02-21,4054.0,5323.0,4054.0,5233.0,19564784
2020-02-24,5187.0,5255.0,4217.0,4218.0,6955512
2020-02-25,4208.0,4339.0,3995.0,4100.0,2791850
2020-02-26,4099.0,4289.0,4067.0,4104.0,1698652
2020-02-27,4131.0,4149.0,3945.0,3959.0,1054768
2020-02-28,3891.0,3891.0,3692.0,3760.0,854976
2020-03-02,3669.0,3759.0,3646.0,3710.0,463360
2020-03-03,3759.0,3850.0,3718.0,3728.0,441474
2020-03-04,3687.0,3760.0,3687.0,3738.0,255230
2020-03-05,3769.0,3864.0,3737.0,3837.0,294710
2020-03-06,3828.0,3828.0,3669.0,3769.0,277096
2020-03-09,3727.0,3736.0,3555.0,3565.0,557420
2020-03-10,3578.0,4018.0,3578.0,3597.0,2238462
2020-03-11,3628.0,3714.0,3510.0,3556.0,476720
2020-03-12,3564.0,3578.0,3274.0,3330.0,539924
2020-03-13,2998.0,3120.0,2799.0,3112.0,657020
2020-03-16,3044.0,3171.0,2944.0,2945.0,335512
2020-03-17,2676.0,2944.0,2667.0,2895.0,197126
2020-03-18,2903.0,2962.0,2722.0,2727.0,247832
2020-03-19,2727.0,2795.0,2253.0,2324.0,499594
2020-03-20,2264.0,2522.0,2264.0,2505.0,332184
2020-03-23,2377.0,2377.0,2264.0,2288.0,355648
2020-03-24,2332.0,2436.0,2332.0,2433.0,117276
2020-03-25,2573.0,2668.0,2532.0,2641.0,350220
2020-03-26,2609.0,2745.0,2564.0,2650.0,647140
2020-03-27,2744.0,2808.0,2685.0,2804.0,323312
2020-03-30,2681.0,3419.0,2681.0,3103.0,990050
2020-03-31,3216.0,3221.0,3076.0,3149.0,539568
2020-04-01,3148.0,3220.0,3084.0,3126.0,311208
2020-04-02,3125.0,3157.0,3067.0,3149.0,176648
2020-04-03,3234.0,3302.0,3161.0,3194.0,340064
2020-04-06,3216.0,3261.0,3197.0,3262.0,237920
2020-04-07,3325.0,3334.0,3239.0,3312.0,248620
2020-04-08,3311.0,3360.0,3247.0,3361.0,173234
2020-04-09,3374.0,3397.0,3324.0,3352.0,174666
2020-04-10,3356.0,3388.0,3248.0,3384.0,225654
2020-04-13,3388.0,3547.0,3279.0,3375.0,300668
2020-04-14,3424.0,4384.0,3397.0,4385.0,7395498
2020-04-16,4552.0,5255.0,4417.0,4644.0,15070268
2020-04-17,4552.0,4734.0,4475.0,4666.0,2382368
2020-04-20,4620.0,4620.0,4448.0,4508.0,1153660
2020-04-21,4507.0,4598.0,4104.0,4363.0,2026394
2020-04-22,4358.0,4417.0,4172.0,4295.0,1059478
2020-04-23,4349.0,5504.0,4349.0,4893.0,12049388
2020-04-24,4892.0,5005.0,4756.0,4893.0,2322010
2020-04-27,4892.0,5504.0,4892.0,5255.0,5027618
2020-04-28,5300.0,5753.0,4960.0,5640.0,2947172
2020-04-29,5571.0,6002.0,5254.0,5300.0,3807656
2020-05-04,5164.0,5277.0,4938.0,4938.0,1399482
2020-05-06,5073.0,5413.0,4915.0,5391.0,1500028
2020-05-07,5345.0,5481.0,5187.0,5414.0,837008
2020-05-08,5413.0,5458.0,5141.0,5300.0,889260
2020-05-11,5299.0,5707.0,5232.0,5527.0,1988776
2020-05-12,5481.0,5504.0,5232.0,5414.0,720252
2020-05-13,5322.0,5503.0,5254.0,5368.0,567352
2020-05-14,5367.0,5685.0,5322.0,5504.0,860828
2020-05-15,5549.0,5844.0,5436.0,5459.0,1395936
2020-05-18,5345.0,5345.0,4824.0,5142.0,1733868
2020-05-19,5209.0,5209.0,4869.0,4915.0,1102782
2020-05-20,5005.0,5118.0,4937.0,5074.0,504064
2020-05-21,5096.0,5096.0,4938.0,4961.0,487320
2020-05-22,5028.0,5028.0,4824.0,4961.0,501276
2020-05-25,4575.0,4620.0,4258.0,4336.0,3182316
2020-05-26,4385.0,4498.0,4303.0,4426.0,1385370
2020-05-27,4466.0,4484.0,4371.0,4471.0,795224
2020-05-28,4525.0,4530.0,4303.0,4354.0,606812
2020-05-29,4357.0,4439.0,4344.0,4403.0,355672
2020-06-01,4403.0,4430.0,4330.0,4426.0,306170
2020-06-02,4498.0,4983.0,4412.0,4499.0,3107982
2020-06-03,4529.0,4529.0,4384.0,4458.0,784416
2020-06-04,4475.0,4575.0,4434.0,4530.0,527812
2020-06-05,4529.0,4643.0,4479.0,4598.0,380960
2020-06-08,4620.0,4643.0,4529.0,4553.0,327448
2020-06-09,4575.0,4620.0,4489.0,4530.0,269664
2020-06-10,4529.0,4575.0,4489.0,4526.0,249912
2020-06-11,4489.0,4643.0,4489.0,4526.0,479412
2020-06-12,4353.0,4470.0,4294.0,4385.0,442290
2020-06-15,4367.0,4462.0,4140.0,4186.0,453574
2020-06-16,4230.0,4407.0,4217.0,4408.0,336330
2020-06-17,4389.0,4516.0,4353.0,4485.0,350718
2020-06-18,4430.0,4493.0,4430.0,4462.0,162046
2020-06-19,4529.0,4552.0,4402.0,4530.0,374702
2020-06-22,4529.0,4620.0,4434.0,4449.0,636834
2020-06-23,4462.0,4620.0,4394.0,4485.0,663372
2020-06-24,4545.0,4690.0,4455.0,4510.0,571722
2020-06-25,4445.0,4465.0,4285.0,4340.0,377610
2020-06-26,4350.0,4355.0,4195.0,4320.0,181780
2020-06-29,4250.0,4360.0,4235.0,4325.0,197424
2020-06-30,4355.0,4365.0,4285.0,4355.0,133076
2020-07-01,4375.0,4375.0,4310.0,4340.0,158590
2020-07-02,4355.0,4365.0,4325.0,4345.0,86426
2020-07-03,4360.0,4495.0,4275.0,4330.0,303992
2020-07-06,4300.0,4330.0,4240.0,4295.0,214204
2020-07-07,4280.0,4310.0,4210.0,4210.0,227890
2020-07-08,4190.0,4265.0,4165.0,4215.0,154706
2020-07-09,4220.0,4255.0,4145.0,4205.0,190786
2020-07-10,4240.0,4240.0,4090.0,4130.0,182664
2020-07-13,4225.0,4275.0,4100.0,4130.0,267616
2020-07-14,4130.0,4190.0,4035.0,4160.0,239188
2020-07-15,4185.0,4330.0,4160.0,4320.0,376052
2020-07-16,4320.0,5425.0,4255.0,4600.0,3536680
2020-07-17,4460.0,4820.0,4395.0,4675.0,2136184
2020-07-20,4650.0,4665.0,4485.0,4650.0,614544
2020-07-21,4625.0,4780.0,4610.0,4660.0,672694
2020-07-22,4690.0,4745.0,4475.0,4500.0,673668
2020-07-23,4430.0,4540.0,4375.0,4375.0,442512
2020-07-24,4365.0,4470.0,4280.0,4335.0,421770
2020-07-27,4355.0,4475.0,4350.0,4395.0,253816
2020-07-28,4400.0,4450.0,4325.0,4335.0,226546
2020-07-29,4335.0,4375.0,4280.0,4340.0,155324
2020-07-30,4365.0,4365.0,4305.0,4330.0,118486
2020-07-31,4325.0,4420.0,4320.0,4365.0,158308
2020-08-03,4375.0,4570.0,4375.0,4465.0,430064
2020-08-04,4500.0,4500.0,4405.0,4435.0,219724
2020-08-05,4435.0,4455.0,4405.0,4420.0,145430
2020-08-06,4420.0,4565.0,4365.0,4530.0,441204
2020-08-07,4535.0,4550.0,4400.0,4460.0,297500
2020-08-10,4465.0,4525.0,4450.0,4485.0,259816
2020-08-11,4485.0,4595.0,4485.0,4550.0,288476
2020-08-12,4350.0,4360.0,4170.0,4225.0,1776098
2020-08-13,4270.0,4325.0,4225.0,4285.0,644536
2020-08-14,4295.0,4300.0,4100.0,4160.0,1362926
2020-08-18,4185.0,4195.0,3865.0,3910.0,989864
2020-08-19,3925.0,4030.0,3925.0,4000.0,462002
2020-08-20,3990.0,4000.0,3785.0,3945.0,760278
2020-08-21,3945.0,4095.0,3945.0,4040.0,482714
2020-08-24,4025.0,4425.0,3955.0,4270.0,2947396
2020-08-25,4270.0,4380.0,4250.0,4280.0,1139558
2020-08-26,4325.0,4325.0,4200.0,4270.0,622322
2020-08-27,4270.0,4310.0,4175.0,4260.0,744012
2020-08-28,4260.0,4355.0,4230.0,4265.0,1123298
2020-08-31,4305.0,4505.0,4300.0,4380.0,1809178
2020-09-01,4415.0,4445.0,4330.0,4375.0,584318
2020-09-02,4405.0,4475.0,4395.0,4440.0,663576
2020-09-03,4500.0,4505.0,4395.0,4415.0,612582
2020-09-04,4285.0,4395.0,4250.0,4390.0,777606
2020-09-07,4400.0,4635.0,4355.0,4615.0,2357606
2020-09-08,4650.0,4700.0,4435.0,4475.0,1531248
2020-09-09,4375.0,4610.0,4355.0,4540.0,1307232
2020-09-10,4560.0,4820.0,4540.0,4640.0,2875368
2020-09-11,4620.0,4710.0,4550.0,4680.0,907234
2020-09-14,4695.0,4735.0,4650.0,4700.0,811078
2020-09-15,4750.0,4770.0,4645.0,4695.0,798320
2020-09-16,4695.0,4695.0,4530.0,4540.0,838726
2020-09-17,4540.0,4575.0,4425.0,4440.0,531434
2020-09-18,4455.0,4560.0,4455.0,4535.0,484036
2020-09-21,4535.0,4605.0,4370.0,4440.0,585748
2020-09-22,4440.0,4440.0,4275.0,4290.0,573332
2020-09-23,4310.0,4340.0,4150.0,4250.0,428004
2020-09-24,4145.0,4235.0,4105.0,4140.0,480260
2020-09-25,4145.0,4190.0,4105.0,4150.0,177738
2020-09-28,4240.0,4270.0,4200.0,4265.0,178248
2020-09-29,4285.0,4375.0,4285.0,4335.0,319546
2020-10-05,4335.0,4460.0,4330.0,4440.0,244388
2020-10-06,4550.0,5750.0,4540.0,5750.0,17223648
2020-10-07,6025.0,6175.0,5500.0,5775.0,28320822
2020-10-08,5775.0,6000.0,5700.0,5900.0,10430834
2020-10-12,5824.0,5900.0,5800.0,5850.0,1683038
2020-10-13,5925.0,6150.0,5874.0,6150.0,2780882
2020-10-14,6200.0,6225.0,5800.0,5800.0,2027938
2020-10-15,5725.0,6049.0,5375.0,5625.0,5789470
2020-10-16,5650.0,5700.0,5175.0,5375.0,3074974
2020-10-19,5425.0,5600.0,5275.0,5475.0,2252490
2020-10-20,5375.0,5775.0,5350.0,5750.0,3042124
2020-10-21,5775.0,5825.0,5625.0,5700.0,1420766
2020-10-22,5600.0,5650.0,5400.0,5425.0,1493904
2020-10-23,5475.0,5525.0,5325.0,5425.0,993560
2020-10-26,5400.0,5400.0,5125.0,5150.0,1306838
2020-10-27,5075.0,5175.0,5000.0,5150.0,1142606
2020-10-28,5125.0,5225.0,5075.0,5200.0,749314
2020-10-29,5075.0,5175.0,4985.0,5125.0,887280
2020-10-30,5150.0,5700.0,5100.0,5275.0,3499750
2020-11-02,5350.0,5650.0,5300.0,5575.0,1856650
2020-11-03,5775.0,5875.0,5450.0,5575.0,2991192
2020-11-04,5600.0,5650.0,5300.0,5350.0,1301786
2020-11-05,5475.0,5650.0,5450.0,5600.0,1306682
2020-11-06,5625.0,5775.0,5500.0,5650.0,1184324
2020-11-09,5749.0,7075.0,5700.0,6675.0,21732646
2020-11-10,6600.0,7249.0,6425.0,6725.0,8984690
2020-11-11,6800.0,7025.0,6625.0,6875.0,4862140
2020-11-12,6825.0,6825.0,6475.0,6525.0,2190502
2020-11-13,6400.0,6650.0,6225.0,6600.0,1752530
2020-11-16,6725.0,8125.0,6700.0,7750.0,17334664
2020-11-17,7425.0,7850.0,7175.0,7500.0,7407716
2020-11-18,7400.0,7575.0,7250.0,7500.0,2892142
2020-11-19,7525.0,7974.0,7425.0,7550.0,6401088
2020-11-20,7624.0,8150.0,7524.0,8050.0,6980698
2020-11-23,7850.0,7925.0,7450.0,7575.0,3773398
2020-11-24,7625.0,7800.0,7250.0,7300.0,3008196
2020-11-25,7300.0,7374.0,7000.0,7150.0,2011478
2020-11-26,7150.0,7275.0,7000.0,7125.0,1434054
2020-11-27,7125.0,7375.0,7050.0,7175.0,1503604
2020-11-30,7200.0,7249.0,7000.0,7025.0,920476
2020-12-01,6875.0,6875.0,6400.0,6600.0,5144176
2020-12-02,6649.0,6800.0,6525.0,6725.0,1876750
2020-12-03,6775.0,6900.0,6550.0,6625.0,2145310
2020-12-04,6724.0,6875.0,6624.0,6650.0,1571314
2020-12-07,6650.0,6725.0,6300.0,6300.0,2437900
2020-12-08,6275.0,6725.0,6250.0,6375.0,5040964
2020-12-09,6425.0,6674.0,6400.0,6550.0,2005678
2020-12-10,6575.0,7225.0,6450.0,7000.0,4864306
2020-12-11,7300.0,7300.0,7000.0,7050.0,2282090
2020-12-14,7049.0,7075.0,6800.0,6925.0,1408954
2020-12-15,7000.0,7050.0,6800.0,6800.0,999156
2020-12-16,6850.0,6949.0,6575.0,6775.0,1243750
2020-12-17,6800.0,6824.0,6600.0,6650.0,963132
2020-12-18,6700.0,6850.0,6650.0,6750.0,957856
2020-12-21,6850.0,7100.0,6650.0,7000.0,2189084
2020-12-22,6950.0,7000.0,6725.0,6725.0,1247378
2020-12-23,6675.0,6824.0,6424.0,6650.0,1189546
2020-12-24,6575.0,6750.0,6550.0,6600.0,978750
2020-12-28,6675.0,6700.0,6500.0,6525.0,902810
2020-12-29,6525.0,6775.0,6500.0,6575.0,1439288
2020-12-30,6600.0,6725.0,6525.0,6600.0,1220366
2021-01-04,6700.0,7150.0,6600.0,7050.0,3247400
2021-01-05,7174.0,7800.0,7150.0,7550.0,9675076
2021-01-06,7575.0,8325.0,7300.0,8000.0,10435952
2021-01-07,8100.0,8675.0,7975.0,8375.0,9302046
2021-01-08,8525.0,8600.0,8025.0,8075.0,3381428
2021-01-11,8025.0,8075.0,7400.0,7575.0,4866588
2021-01-12,7400.0,7675.0,7200.0,7375.0,2653422
2021-01-13,7400.0,7575.0,7275.0,7375.0,1288676
2021-01-14,7400.0,7950.0,7300.0,7900.0,5518266
2021-01-15,8075.0,8075.0,7549.0,7675.0,2899952
2021-01-18,7500.0,8125.0,7375.0,7700.0,5184124
2021-01-19,7875.0,8075.0,7650.0,7900.0,4073090
2021-01-20,7825.0,7850.0,7500.0,7600.0,2652384
2021-01-21,7675.0,7824.0,7550.0,7650.0,1976424
2021-01-22,7550.0,7575.0,7350.0,7400.0,1738882
2021-01-25,7350.0,7375.0,7049.0,7325.0,1789544
2021-01-26,7350.0,7649.0,7249.0,7625.0,2673028
2021-01-27,7725.0,7900.0,7400.0,7500.0,3120892
2021-01-28,7225.0,7500.0,7175.0,7275.0,1919302
2021-01-29,7325.0,7350.0,6600.0,6800.0,1958648
2021-02-01,6724.0,6900.0,6500.0,6850.0,1061222
2021-02-02,6825.0,7150.0,6800.0,6900.0,1331914
2021-02-03,7000.0,7050.0,6825.0,6950.0,909890
2021-02-04,7000.0,7100.0,6850.0,6975.0,879152
2021-02-05,7075.0,7325.0,7050.0,7075.0,1188858
2021-02-08,7075.0,7149.0,6949.0,6975.0,605152
2021-02-09,7000.0,7049.0,6900.0,6925.0,706632
2021-02-10,7200.0,7475.0,7000.0,7100.0,4483510
2021-02-15,7225.0,7925.0,7175.0,7475.0,8820472
2021-02-16,7500.0,7525.0,7125.0,7150.0,2478380
2021-02-17,7050.0,7100.0,6925.0,6950.0,1734552
2021-02-18,6950.0,7250.0,6824.0,7250.0,2471304
2021-02-19,7249.0,7275.0,6849.0,7025.0,1544576
2021-02-22,6950.0,7100.0,6925.0,6925.0,847616
2021-02-23,6925.0,6974.0,6574.0,6750.0,1986400
2021-02-24,6700.0,6900.0,6325.0,6325.0,1683208
2021-02-25,6450.0,6575.0,6324.0,6450.0,1170202
2021-02-26,6225.0,6300.0,6100.0,6150.0,1107318
2021-03-02,6300.0,6300.0,6150.0,6150.0,628470
2021-03-03,6150.0,6300.0,6100.0,6250.0,487220
2021-03-04,6150.0,6225.0,6100.0,6150.0,460526
2021-03-05,6075.0,6125.0,5975.0,6100.0,524508
2021-03-08,6175.0,6275.0,6000.0,6000.0,556254
2021-03-09,5950.0,6025.0,5650.0,5725.0,1269438
2021-03-10,5850.0,5875.0,5700.0,5725.0,604604
2021-03-11,5725.0,5924.0,5725.0,5850.0,795576
2021-03-12,5275.0,5675.0,5250.0,5575.0,4580898
2021-03-15,5600.0,5850.0,5500.0,5750.0,1477406
2021-03-16,5800.0,6400.0,5700.0,6075.0,4727714
2021-03-17,6100.0,6100.0,5950.0,6000.0,553824
2021-03-18,6050.0,6100.0,6000.0,6050.0,419132
2021-03-19,5900.0,6150.0,5900.0,6100.0,653662
2021-03-22,6125.0,6275.0,5949.0,6075.0,969916
2021-03-23,6149.0,6149.0,5925.0,5975.0,670578
2021-03-24,5925.0,5950.0,5750.0,5825.0,544584
2021-03-25,5800.0,6025.0,5800.0,5875.0,689846
2021-03-26,5875.0,5975.0,5800.0,5900.0,555518
2021-03-29,5900.0,6225.0,5750.0,5925.0,2313112
2021-03-30,5924.0,6050.0,5824.0,5850.0,1026452
2021-03-31,5875.0,5925.0,5800.0,5825.0,466750
2021-04-01,5825.0,5949.0,5750.0,5775.0,615126
2021-04-02,5850.0,5850.0,5750.0,5750.0,322028
2021-04-05,5725.0,5750.0,5600.0,5700.0,527288
2021-04-06,5725.0,5750.0,5550.0,5600.0,480958
2021-04-07,5625.0,5675.0,5575.0,5675.0,291262
2021-04-08,5650.0,5850.0,5650.0,5775.0,633076
2021-04-09,5800.0,5850.0,5725.0,5750.0,461504
2021-04-12,5749.0,6000.0,5749.0,5975.0,991302
2021-04-13,6000.0,6225.0,5874.0,6150.0,2310358
2021-04-14,6175.0,6200.0,6025.0,6100.0,645270
2021-04-15,6075.0,6450.0,6000.0,6300.0,2937584
2021-04-16,6475.0,6475.0,6125.0,6125.0,2622182
2021-04-19,6200.0,6425.0,6075.0,6300.0,1993740
2021-04-20,6300.0,6525.0,6250.0,6475.0,1628170
2021-04-21,6450.0,6600.0,6350.0,6400.0,1058136
2021-04-22,6500.0,6725.0,6425.0,6500.0,2744640
2021-04-23,6600.0,7225.0,6475.0,7075.0,7675558
2021-04-26,7500.0,7875.0,7325.0,7675.0,9287770
2021-04-27,7725.0,7800.0,7450.0,7575.0,3434542
2021-04-28,7500.0,7525.0,7025.0,7175.0,3343698
2021-04-29,7175.0,7275.0,6900.0,7175.0,2262994
2021-04-30,7125.0,7149.0,6725.0,6775.0,2650410
2021-05-03,6700.0,6950.0,6625.0,6625.0,1256452
2021-05-04,6725.0,7025.0,6625.0,6900.0,2216360
2021-05-06,6875.0,7275.0,6800.0,7275.0,2066346
2021-05-07,7275.0,7375.0,7125.0,7175.0,1402686
2021-05-10,7375.0,7400.0,7175.0,7300.0,1101616
2021-05-11,7225.0,7300.0,6900.0,6950.0,1445402
2021-05-12,6925.0,6975.0,6500.0,6675.0,1899262
2021-05-13,6450.0,6575.0,6400.0,6500.0,1290704
2021-05-14,6525.0,6950.0,6450.0,6800.0,2451718
2021-05-17,6650.0,6875.0,6500.0,6600.0,2041058
2021-05-18,6500.0,6500.0,6300.0,6375.0,1703914
2021-05-20,6375.0,6375.0,6125.0,6200.0,937920
2021-05-21,6249.0,6275.0,6100.0,6125.0,799868
2021-05-24,6174.0,6200.0,5900.0,5950.0,954032
2021-05-25,5975.0,6725.0,5925.0,6000.0,5274506
2021-05-26,6025.0,6100.0,5949.0,6075.0,504022
2021-05-27,6125.0,6249.0,6075.0,6225.0,880236
2021-05-28,6250.0,6275.0,6150.0,6200.0,548662
2021-05-31,6225.0,6225.0,6025.0,6100.0,791780
2021-06-01,6050.0,6174.0,6025.0,6150.0,501646
2021-06-02,6125.0,6300.0,6125.0,6275.0,1241700
2021-06-03,6300.0,6325.0,6200.0,6300.0,858502
2021-06-04,6300.0,6350.0,6200.0,6300.0,558894
2021-06-07,6349.0,6375.0,6250.0,6275.0,1053254
2021-06-08,6300.0,6350.0,6225.0,6325.0,706110
2021-06-09,6350.0,6375.0,6200.0,6225.0,840488
2021-06-10,6225.0,6249.0,6175.0,6225.0,413202
2021-06-11,6225.0,6400.0,6225.0,6325.0,829962
2021-06-14,6325.0,6375.0,6200.0,6225.0,532878
2021-06-15,6225.0,6275.0,6200.0,6200.0,329900
2021-06-16,6225.0,6250.0,6150.0,6200.0,343680
2021-06-17,6174.0,6200.0,6125.0,6150.0,371756
2021-06-18,6175.0,6200.0,6100.0,6175.0,312396
2021-06-21,6125.0,6149.0,6050.0,6075.0,498118
2021-06-22,6125.0,6174.0,6074.0,6150.0,351094
2021-06-23,6125.0,6275.0,6125.0,6200.0,578674
2021-06-24,6225.0,6225.0,6050.0,6100.0,580710
2021-06-25,6100.0,6175.0,6100.0,6100.0,295130
2021-06-28,6125.0,6249.0,6100.0,6225.0,461176
2021-06-29,6250.0,6350.0,6175.0,6200.0,717204
2021-06-30,6250.0,6275.0,6149.0,6175.0,385724
2021-07-01,6149.0,6175.0,6100.0,6175.0,257176
2021-07-02,6175.0,6200.0,6150.0,6200.0,204096
2021-07-05,6225.0,6325.0,6175.0,6225.0,735360
2021-07-06,6275.0,6375.0,6200.0,6250.0,974194
2021-07-07,6225.0,6250.0,6149.0,6175.0,455212
2021-07-08,6175.0,6200.0,6025.0,6075.0,616980
2021-07-09,6000.0,6000.0,5850.0,5950.0,741186
2021-07-12,5925.0,6050.0,5925.0,6000.0,349686
2021-07-13,5975.0,6100.0,5975.0,6050.0,394814
2021-07-14,6050.0,6075.0,5975.0,6000.0,313556
2021-07-15,6000.0,6025.0,5950.0,6025.0,346214
2021-07-16,5975.0,6000.0,5900.0,6000.0,325544
2021-07-19,5975.0,5975.0,5900.0,5925.0,229442
2021-07-20,5825.0,5974.0,5800.0,5950.0,357850
2021-07-21,5950.0,5950.0,5875.0,5900.0,321354
2021-07-22,5900.0,5950.0,5875.0,5900.0,219006
2021-07-23,5925.0,5925.0,5850.0,5900.0,260242
2021-07-26,5900.0,5924.0,5824.0,5850.0,202254
2021-07-27,5875.0,5875.0,5824.0,5850.0,192698
2021-07-28,5825.0,6075.0,5825.0,6000.0,560136
2021-07-29,6100.0,6250.0,5925.0,5975.0,1832228
2021-07-30,6000.0,6075.0,5875.0,5900.0,465634
2021-08-02,5900.0,5950.0,5849.0,5925.0,178084
2021-08-03,5925.0,5975.0,5900.0,5975.0,269168
2021-08-04,5975.0,6225.0,5900.0,6100.0,1024150
2021-08-05,6225.0,6475.0,6150.0,6425.0,3225008
2021-08-06,6524.0,6550.0,6400.0,6450.0,1879372
2021-08-09,6575.0,6725.0,6500.0,6675.0,2128918
2021-08-10,6700.0,6725.0,6425.0,6575.0,1231270
2021-08-11,6650.0,6700.0,6525.0,6550.0,1157860
2021-08-12,6525.0,6625.0,6425.0,6550.0,710260
2021-08-13,6625.0,6650.0,6349.0,6575.0,1213070
2021-08-17,6575.0,6575.0,6225.0,6400.0,1368972
2021-08-18,6375.0,6450.0,6225.0,6375.0,632026
2021-08-19,6275.0,6425.0,6050.0,6075.0,914414
2021-08-20,6074.0,6125.0,5650.0,5750.0,1271996
2021-08-23,5800.0,5950.0,5700.0,5900.0,578220
2021-08-24,6100.0,6450.0,6100.0,6350.0,1733172
2021-08-25,6300.0,6450.0,6250.0,6400.0,700918
2021-08-26,6450.0,6450.0,6325.0,6375.0,554116
2021-08-27,6300.0,6649.0,6275.0,6525.0,1411914
2021-08-30,6600.0,6724.0,6475.0,6650.0,1040662
2021-08-31,6650.0,6650.0,6450.0,6600.0,789070
2021-09-01,6525.0,6700.0,6525.0,6625.0,713314
2021-09-02,6550.0,6725.0,6500.0,6725.0,888124
2021-09-03,6725.0,6725.0,6575.0,6625.0,621924
2021-09-06,6600.0,6700.0,6524.0,6650.0,552694
2021-09-07,6825.0,6925.0,6674.0,6750.0,2386692
2021-09-08,6900.0,7324.0,6824.0,7250.0,6987710
2021-09-09,7200.0,7500.0,7175.0,7425.0,3856456
2021-09-10,7425.0,7600.0,7174.0,7550.0,3261064
2021-09-13,7500.0,7700.0,7300.0,7375.0,2239888
2021-09-14,7549.0,7800.0,7375.0,7675.0,3070984
2021-09-15,7650.0,7774.0,7500.0,7750.0,1715904
2021-09-16,7775.0,7825.0,7575.0,7675.0,1770512
2021-09-17,7750.0,9175.0,7650.0,8825.0,26707588
2021-09-23,8725.0,9000.0,8650.0,8875.0,6239344
2021-09-24,8825.0,9075.0,8175.0,8350.0,6914214
2021-09-27,8325.0,8525.0,8275.0,8450.0,2229692
2021-09-28,8425.0,8650.0,8075.0,8125.0,3248554
2021-09-29,7875.0,8325.0,7725.0,8300.0,3489450
2021-09-30,8325.0,9150.0,8050.0,8925.0,12160810
2021-10-01,8750.0,8900.0,8475.0,8800.0,3202528
2021-10-05,8650.0,8725.0,8325.0,8325.0,2542616
2021-10-06,8500.0,8600.0,7800.0,7900.0,3570078
2021-10-07,8050.0,8200.0,7625.0,7875.0,2484500
2021-10-08,8050.0,8325.0,7725.0,7775.0,3126568
2021-10-12,7750.0,8025.0,7675.0,7825.0,1164056
2021-10-13,7925.0,8200.0,7900.0,8175.0,1834120
2021-10-14,8250.0,8324.0,7925.0,8100.0,1936008
2021-10-15,8150.0,8225.0,7925.0,8150.0,1651000
2021-10-18,8125.0,8125.0,7825.0,7875.0,1452416
2021-10-19,7949.0,8050.0,7749.0,7875.0,1195014
2021-10-20,7900.0,8149.0,7850.0,7975.0,1373596
2021-10-21,8000.0,8000.0,7575.0,7600.0,1663094
2021-10-22,7575.0,7675.0,7375.0,7625.0,886962
2021-10-25,7650.0,7750.0,7500.0,7700.0,682694
2021-10-26,7775.0,8000.0,7725.0,7975.0,1193668
2021-10-27,7950.0,7975.0,7650.0,7850.0,1300038
2021-10-28,7800.0,7850.0,7550.0,7650.0,891206
2021-10-29,7675.0,7800.0,7575.0,7600.0,666764
2021-11-01,7625.0,7625.0,7050.0,7100.0,1926206
2021-11-02,7174.0,7250.0,7050.0,7150.0,727236
2021-11-03,7125.0,7150.0,6875.0,7025.0,986552
2021-11-04,7150.0,7175.0,6800.0,6900.0,1047766
2021-11-05,6975.0,7075.0,6800.0,6875.0,803442
2021-11-08,6924.0,6950.0,6650.0,6850.0,971880
2021-11-09,6900.0,6974.0,6725.0,6950.0,893100
2021-11-10,6900.0,6925.0,6550.0,6550.0,991694
2021-11-11,6450.0,6625.0,6325.0,6400.0,882518
2021-11-12,6425.0,6800.0,6375.0,6775.0,783860
2021-11-15,6800.0,7125.0,6800.0,7025.0,1225696
2021-11-16,6875.0,6900.0,6750.0,6800.0,838416
2021-11-17,6850.0,6874.0,6650.0,6750.0,722356
2021-11-18,6725.0,6800.0,6525.0,6575.0,638734
2021-11-19,6450.0,8025.0,6425.0,7575.0,22174526
2021-11-22,7600.0,7700.0,7374.0,7550.0,3632866
2021-11-23,7500.0,8225.0,7125.0,7225.0,7959796
2021-11-24,7225.0,8050.0,7150.0,7900.0,6684284
2021-11-25,7900.0,8325.0,7775.0,8075.0,4087656
2021-11-26,8125.0,8575.0,7950.0,8125.0,3679630
2021-11-29,7775.0,8175.0,7600.0,7600.0,3158596
2021-11-30,7800.0,8050.0,7549.0,7675.0,2859650
2021-12-01,7750.0,8450.0,7625.0,8350.0,3906528
2021-12-02,8149.0,8500.0,8125.0,8350.0,2446692
2021-12-03,8325.0,8750.0,8250.0,8375.0,2819766
2021-12-06,8200.0,8350.0,8000.0,8250.0,1661152
2021-12-07,8225.0,8425.0,8075.0,8200.0,1212464
2021-12-08,8275.0,8275.0,7750.0,7800.0,3022434
2021-12-09,7874.0,8050.0,7850.0,7950.0,1412022
2021-12-10,7875.0,8050.0,7875.0,8000.0,804578
2021-12-13,8050.0,8075.0,7749.0,7775.0,1190150
2021-12-14,7625.0,7750.0,7425.0,7550.0,1672170
2021-12-15,7500.0,7550.0,7274.0,7350.0,1076986
2021-12-16,7425.0,7500.0,7250.0,7275.0,810726
2021-12-17,7175.0,7400.0,7150.0,7300.0,891908
2021-12-20,7249.0,7350.0,7075.0,7125.0,735758
2021-12-21,7174.0,7225.0,6950.0,7150.0,690554
2021-12-22,7175.0,7400.0,7125.0,7275.0,849548
2021-12-23,7325.0,7425.0,7225.0,7300.0,705888
2021-12-24,7300.0,7325.0,7200.0,7275.0,692176
2021-12-27,7275.0,7350.0,7150.0,7225.0,777000
2021-12-28,7224.0,7324.0,7150.0,7250.0,887710
2021-12-29,7175.0,7500.0,7175.0,7450.0,905958
2021-12-30,7425.0,7450.0,7250.0,7275.0,549376
2022-01-03,7275.0,7300.0,7000.0,7125.0,858070
2022-01-04,7149.0,7425.0,7125.0,7375.0,832514
2022-01-05,7349.0,7425.0,7125.0,7175.0,652896
2022-01-06,7225.0,7650.0,7225.0,7300.0,2636702
2022-01-07,7325.0,7774.0,7300.0,7750.0,1971202
2022-01-10,7700.0,7875.0,7575.0,7675.0,1051946
2022-01-11,7650.0,7700.0,7375.0,7500.0,941686
2022-01-12,7524.0,7650.0,7500.0,7650.0,727258
2022-01-13,7675.0,7925.0,7550.0,7725.0,1300458
2022-01-14,7600.0,7750.0,7500.0,7525.0,788100
2022-01-17,7500.0,7500.0,7175.0,7225.0,793542
2022-01-18,7250.0,7300.0,7050.0,7200.0,560258
2022-01-19,7050.0,7174.0,6900.0,6950.0,702746
2022-01-20,6900.0,7125.0,6875.0,7100.0,428290
2022-01-21,6974.0,7050.0,6825.0,6950.0,536938
2022-01-24,6800.0,6875.0,6500.0,6600.0,686770
2022-01-25,6600.0,6675.0,6100.0,6175.0,1158302
2022-01-26,6225.0,6475.0,6100.0,6300.0,710962
2022-01-27,6300.0,6400.0,6050.0,6175.0,628002
2022-01-28,6150.0,6350.0,6050.0,6350.0,520402
2022-02-03,6500.0,6550.0,6400.0,6425.0,439138
2022-02-04,6400.0,6525.0,6325.0,6525.0,369176
2022-02-07,6550.0,6575.0,6400.0,6450.0,410516
2022-02-08,6474.0,6550.0,6325.0,6350.0,324258
2022-02-09,6425.0,6725.0,6425.0,6725.0,554784
2022-02-10,6725.0,6749.0,6575.0,6675.0,395504
2022-02-11,6525.0,6675.0,6475.0,6500.0,294256
2022-02-14,6375.0,6400.0,6175.0,6225.0,461096
2022-02-15,6225.0,6350.0,6074.0,6150.0,442800
2022-02-16,6275.0,6450.0,6250.0,6400.0,430518
2022-02-17,6400.0,6574.0,6250.0,6350.0,458236
2022-02-18,6275.0,6475.0,6224.0,6450.0,348574
2022-02-21,6324.0,6550.0,6324.0,6450.0,281242
2022-02-22,6275.0,6400.0,6224.0,6250.0,530286
2022-02-23,6300.0,6375.0,6249.0,6325.0,354392
2022-02-24,6200.0,6275.0,6000.0,6050.0,716416
2022-02-25,6150.0,6250.0,6100.0,6150.0,501710
2022-02-28,6075.0,6275.0,6075.0,6250.0,418822
2022-03-02,6225.0,6549.0,6175.0,6475.0,712296
2022-03-03,6500.0,6550.0,6474.0,6550.0,270614
2022-03-04,6525.0,6650.0,6375.0,6500.0,389054
2022-03-07,6400.0,6475.0,6250.0,6275.0,358618
2022-03-08,6174.0,6274.0,6100.0,6150.0,481912
2022-03-10,6275.0,6324.0,6175.0,6250.0,292930
2022-03-11,6225.0,6375.0,6149.0,6375.0,278794
2022-03-14,6324.0,6324.0,6150.0,6250.0,429154
2022-03-15,6225.0,6525.0,6225.0,6400.0,628758
2022-03-16,6500.0,6625.0,6425.0,6600.0,773916
2022-03-17,6700.0,6700.0,6450.0,6550.0,638528
2022-03-18,6600.0,6600.0,6450.0,6500.0,362878
2022-03-21,6525.0,6850.0,6500.0,6775.0,1284766
2022-03-22,6775.0,6800.0,6649.0,6725.0,444090
2022-03-23,6775.0,6775.0,6675.0,6725.0,331652
2022-03-24,6725.0,7025.0,6675.0,7000.0,1180814
2022-03-25,6950.0,7049.0,6875.0,6925.0,502844
2022-03-28,7100.0,7225.0,6975.0,7125.0,920970
2022-03-29,7200.0,7200.0,7049.0,7125.0,444986
2022-03-30,7174.0,7174.0,6950.0,6950.0,428068
2022-03-31,6925.0,7149.0,6925.0,7075.0,441096
2022-04-01,6975.0,7149.0,6949.0,7075.0,415868
2022-04-04,7049.0,7200.0,7000.0,7125.0,359634
2022-04-05,7175.0,7350.0,7125.0,7300.0,772444
2022-04-06,7225.0,7375.0,7125.0,7225.0,441790
2022-04-07,7149.0,7250.0,7025.0,7075.0,404228
2022-04-08,7125.0,7350.0,7075.0,7325.0,724036
2022-04-11,7400.0,7550.0,7325.0,7400.0,883364
2022-04-12,7250.0,7375.0,7200.0,7250.0,384766
2022-04-13,7275.0,7524.0,7275.0,7450.0,487442
2022-04-14,7475.0,7475.0,7300.0,7325.0,418284
2022-04-15,7275.0,7350.0,7200.0,7325.0,314102
2022-04-18,7300.0,7524.0,7275.0,7450.0,595716
2022-04-19,7450.0,7525.0,7375.0,7475.0,561278
2022-04-20,7500.0,7500.0,7275.0,7400.0,381268
2022-04-21,7375.0,7524.0,7350.0,7450.0,384628
2022-04-22,7375.0,7425.0,7325.0,7375.0,276922
2022-04-25,7175.0,7250.0,6975.0,6975.0,972094
2022-04-26,7100.0,7100.0,6875.0,6875.0,387264
2022-04-27,6675.0,7025.0,6600.0,7000.0,674346
2022-04-28,7325.0,7975.0,7149.0,7775.0,4901884
2022-04-29,7724.0,7924.0,7524.0,7850.0,1581466
2022-05-02,7700.0,7974.0,7674.0,7950.0,890562
2022-05-03,7949.0,8149.0,7875.0,7975.0,1013418
2022-05-04,7975.0,8049.0,7875.0,7925.0,711748
2022-05-06,7775.0,8075.0,7750.0,8050.0,912754
2022-05-09,8050.0,8125.0,7625.0,7700.0,1142228
2022-05-10,7525.0,7900.0,7375.0,7875.0,1148904
2022-05-11,7850.0,7875.0,7600.0,7675.0,666574
2022-05-12,7500.0,7675.0,7349.0,7375.0,792842
2022-05-13,7450.0,7650.0,7450.0,7600.0,384538
2022-05-16,7725.0,7875.0,7525.0,7625.0,717388
2022-05-17,7624.0,8200.0,7624.0,8050.0,2358576
2022-05-18,8075.0,8100.0,7825.0,7900.0,952168
2022-05-19,7700.0,8149.0,7650.0,8075.0,1391396
2022-05-20,8100.0,8124.0,7950.0,8050.0,698534
2022-05-23,8000.0,8075.0,7850.0,7900.0,609492
2022-05-24,7875.0,7925.0,7675.0,7700.0,695178
2022-05-25,7750.0,7775.0,7575.0,7625.0,595210
2022-05-26,7700.0,7725.0,7500.0,7525.0,488970
2022-05-27,7625.0,7675.0,7475.0,7475.0,384064
2022-05-30,7550.0,7775.0,7475.0,7700.0,454268
2022-05-31,7675.0,7725.0,7575.0,7575.0,377066
2022-06-02,7575.0,7600.0,7500.0,7575.0,249226
2022-06-03,7600.0,7800.0,7575.0,7650.0,512584
2022-06-07,7624.0,7624.0,7350.0,7450.0,347146
2022-06-08,7475.0,7500.0,7400.0,7475.0,206296
2022-06-09,7475.0,7475.0,7350.0,7425.0,334136
2022-06-10,7349.0,7749.0,7349.0,7575.0,913132
2022-06-13,7475.0,7475.0,7024.0,7050.0,801822
2022-06-14,6849.0,6975.0,6600.0,6825.0,1417596
2022-06-15,6775.0,6850.0,6550.0,6600.0,597714
2022-06-16,6774.0,8150.0,6750.0,7550.0,6339890
2022-06-17,7275.0,7975.0,7250.0,7800.0,2226878
2022-06-20,7825.0,7874.0,7450.0,7550.0,1238096
2022-06-21,7625.0,7650.0,7200.0,7350.0,1051922
2022-06-22,7375.0,7400.0,6900.0,6900.0,1001032
2022-06-23,6900.0,7150.0,6700.0,6900.0,902842
2022-06-24,6900.0,7325.0,6825.0,7275.0,840172
2022-06-27,7375.0,7575.0,7200.0,7400.0,717718
2022-06-28,7400.0,7650.0,7325.0,7600.0,593712
2022-06-29,7425.0,7900.0,7400.0,7825.0,1205992
2022-06-30,7825.0,7900.0,7550.0,7550.0,693804
2022-07-01,7600.0,7725.0,7275.0,7425.0,641476
2022-07-04,7425.0,7450.0,6900.0,7000.0,1147418
2022-07-05,7074.0,7374.0,6950.0,7350.0,759114
2022-07-06,7325.0,7325.0,6975.0,7075.0,688972
2022-07-07,7174.0,7200.0,7050.0,7150.0,342792
2022-07-08,7200.0,7424.0,7175.0,7250.0,559954
2022-07-11,7249.0,7249.0,6875.0,6925.0,694276
2022-07-12,6875.0,6875.0,6649.0,6825.0,552356
2022-07-13,6725.0,7125.0,6725.0,7025.0,548984
2022-07-14,7050.0,7075.0,6925.0,6975.0,226238
2022-07-15,7125.0,7350.0,7050.0,7300.0,682290
2022-07-18,7300.0,7375.0,7175.0,7325.0,355806
2022-07-19,7224.0,7324.0,7150.0,7250.0,281746
2022-07-20,7400.0,7400.0,7150.0,7250.0,331136
2022-07-21,7275.0,7300.0,7150.0,7250.0,235770
2022-07-22,7275.0,7500.0,7275.0,7325.0,762668
2022-07-25,7325.0,7575.0,7300.0,7425.0,429496
2022-07-26,7400.0,7475.0,7324.0,7450.0,203822
2022-07-27,7400.0,7500.0,7300.0,7375.0,318492
2022-07-28,7424.0,7475.0,7300.0,7450.0,281822
2022-07-29,7500.0,7675.0,7400.0,7425.0,493100
2022-08-01,7450.0,7800.0,7450.0,7800.0,1159782
2022-08-02,7900.0,8100.0,7825.0,7975.0,1340644
2022-08-03,7950.0,8100.0,7875.0,8025.0,621438
2022-08-04,8025.0,8075.0,7849.0,7925.0,675506
2022-08-05,7924.0,7950.0,7775.0,7850.0,421152
2022-08-08,7750.0,7825.0,7600.0,7800.0,371902
2022-08-09,7800.0,7975.0,7725.0,7975.0,445984
2022-08-10,7900.0,8375.0,7850.0,8200.0,1533536
2022-08-11,8300.0,8350.0,8025.0,8100.0,821722
2022-08-12,8100.0,8150.0,7975.0,8100.0,457032
2022-08-16,8100.0,8225.0,7925.0,7950.0,553526
2022-08-17,7900.0,8100.0,7800.0,8100.0,714258
2022-08-18,8075.0,9000.0,7925.0,8550.0,5811772
2022-08-19,8575.0,8750.0,8425.0,8475.0,1386720
2022-08-22,8350.0,8625.0,8275.0,8425.0,921766
2022-08-23,8375.0,8675.0,8300.0,8450.0,1104588
2022-08-24,8500.0,8925.0,8350.0,8825.0,1999458
2022-08-25,8900.0,9875.0,8850.0,9675.0,6579818
2022-08-26,9750.0,9850.0,9625.0,9750.0,1534390
2022-08-29,9450.0,11325.0,9400.0,10975.0,7378880
2022-08-30,10975.0,12000.0,10850.0,11425.0,4584962
2022-08-31,11450.0,12775.0,11400.0,12775.0,6370084
2022-09-01,13250.0,13349.0,11800.0,11900.0,6012428
2022-09-02,12250.0,12375.0,11750.0,11925.0,2589584
2022-09-05,11750.0,12275.0,11250.0,12200.0,3047288
2022-09-06,12000.0,12900.0,11849.0,12900.0,2743176
2022-09-07,12825.0,13725.0,12250.0,12550.0,5067020
2022-09-08,12825.0,14750.0,12650.0,14450.0,8291424
2022-09-13,14999.0,16450.0,14725.0,16275.0,7685096
2022-09-14,15450.0,16750.0,15325.0,16450.0,5084776
2022-09-15,16475.0,17125.0,16250.0,16875.0,2937876
2022-09-16,16725.0,17025.0,14900.0,15100.0,6575440
2022-09-19,14699.0,15025.0,13225.0,13750.0,7406414
2022-09-20,14100.0,14150.0,13475.0,13575.0,3442040
2022-09-21,13500.0,13850.0,13350.0,13725.0,2286354
2022-09-22,13425.0,14100.0,12975.0,13750.0,3892102
2022-09-23,13750.0,13874.0,12400.0,12525.0,4314006
2022-09-26,12149.0,12650.0,11650.0,11900.0,4184386
2022-09-27,12025.0,12075.0,11400.0,11900.0,3311580
2022-09-28,11900.0,11900.0,10925.0,11100.0,3677734
2022-09-29,11400.0,11550.0,10650.0,10725.0,2967924
2022-09-30,10400.0,10975.0,10325.0,10525.0,2688564
2022-10-04,10825.0,11275.0,10725.0,10850.0,2068196
2022-10-05,11300.0,11600.0,10250.0,10375.0,3374020
2022-10-06,10500.0,12000.0,10500.0,11875.0,6167538
2022-10-07,11650.0,12025.0,11425.0,11725.0,2783252
2022-10-11,11250.0,11300.0,10675.0,11050.0,2349262
2022-10-12,10900.0,11475.0,10800.0,11400.0,2321012
2022-10-13,11375.0,11475.0,10925.0,10950.0,1972614
2022-10-14,11400.0,11650.0,11050.0,11225.0,2300390
2022-10-17,10875.0,11575.0,10875.0,11500.0,1570728
2022-10-18,11800.0,11850.0,11050.0,11225.0,2321760
2022-10-19,11225.0,12225.0,11150.0,11775.0,5515750
2022-10-20,11825.0,11825.0,11175.0,11300.0,2411366
2022-10-21,11500.0,11950.0,10925.0,11000.0,3544872
2022-10-24,11200.0,11250.0,9700.0,9850.0,5818192
2022-10-25,10025.0,10100.0,9275.0,9525.0,4851026
2022-10-26,9525.0,9550.0,9075.0,9250.0,2274556
2022-10-27,9300.0,9600.0,9175.0,9600.0,2199728
2022-10-28,9650.0,10150.0,9600.0,9700.0,2741566
2022-10-31,9900.0,12600.0,9400.0,12600.0,18284050
2022-11-01,12800.0,13675.0,12325.0,13250.0,15037906
2022-11-02,13075.0,13775.0,12725.0,13500.0,7125938
2022-11-03,13100.0,15775.0,12975.0,14500.0,21185078
2022-11-04,14575.0,14850.0,13125.0,13375.0,8192420
2022-11-07,13250.0,13600.0,12925.0,13175.0,4528026
2022-11-08,13225.0,13675.0,12950.0,13250.0,5246780
2022-11-09,13700.0,15749.0,13275.0,14700.0,21369144
2022-11-10,14725.0,15700.0,14250.0,15200.0,9743920
2022-11-11,15750.0,16250.0,14900.0,15075.0,11736880
2022-11-14,14825.0,15350.0,14250.0,14325.0,5273092
2022-11-15,14650.0,15250.0,14150.0,14425.0,6156284
2022-11-16,14300.0,14300.0,13450.0,13775.0,4602844
2022-11-17,13574.0,13875.0,13174.0,13425.0,2810260
2022-11-18,13500.0,13875.0,13350.0,13375.0,2281004
2022-11-21,13675.0,14175.0,13575.0,13875.0,3780650
2022-11-22,13850.0,14075.0,13025.0,13250.0,2682146
2022-11-23,13350.0,13400.0,12875.0,13000.0,1936464
2022-11-24,13150.0,13375.0,12850.0,13275.0,2090156
2022-11-25,13300.0,13325.0,12700.0,12825.0,1761426
2022-11-28,12725.0,13050.0,12600.0,12750.0,1369862
2022-11-29,12649.0,12750.0,12300.0,12500.0,1877080
2022-11-30,12349.0,12349.0,10950.0,11900.0,9728814
2022-12-01,12000.0,12775.0,11725.0,12575.0,5707158
2022-12-02,12800.0,13050.0,12375.0,12550.0,2796540
2022-12-05,12475.0,12550.0,11575.0,11600.0,2642962
2022-12-06,11400.0,11775.0,11050.0,11150.0,1885916
2022-12-07,11000.0,11325.0,10975.0,11075.0,1469250
2022-12-08,11050.0,11175.0,10825.0,11025.0,952878
2022-12-09,11150.0,11250.0,10600.0,10750.0,1540618
2022-12-12,10725.0,10850.0,10475.0,10625.0,982806
2022-12-13,10650.0,10850.0,10425.0,10550.0,1178882
2022-12-14,10575.0,11000.0,10325.0,10825.0,1500716
2022-12-15,10725.0,10850.0,10475.0,10525.0,1034062
2022-12-16,10275.0,10525.0,10225.0,10375.0,1041522
2022-12-19,10400.0,10825.0,10325.0,10575.0,1466728
2022-12-20,10525.0,10525.0,10050.0,10050.0,1370760
2022-12-21,10225.0,10250.0,9800.0,9850.0,1571278
2022-12-22,10000.0,10025.0,9675.0,9875.0,1222034
2022-12-23,9750.0,9775.0,9450.0,9550.0,1351362
2022-12-26,9525.0,9700.0,9425.0,9575.0,749832
2022-12-27,9575.0,9850.0,9550.0,9650.0,1123666
2022-12-28,9475.0,9650.0,9225.0,9325.0,1134508
2022-12-29,9275.0,9375.0,9025.0,9100.0,933536
2023-01-02,9150.0,9525.0,8975.0,9025.0,938224
2023-01-03,9050.0,9175.0,8775.0,9125.0,1058898
2023-01-04,9050.0,9325.0,8850.0,9300.0,785740
2023-01-05,9325.0,9350.0,9000.0,9025.0,903008
2023-01-06,9050.0,9725.0,8950.0,9375.0,2140532
2023-01-09,9575.0,9650.0,9400.0,9500.0,778990
2023-01-10,9525.0,10275.0,9500.0,9925.0,2609930
2023-01-11,10050.0,10100.0,9875.0,9975.0,860810
2023-01-12,10050.0,10075.0,9725.0,9875.0,786268
2023-01-13,9925.0,10025.0,9625.0,9700.0,921272
2023-01-16,9625.0,9675.0,9250.0,9600.0,1314418
2023-01-17,9625.0,9825.0,9375.0,9400.0,1072366
2023-01-18,9425.0,9450.0,9175.0,9250.0,861382
2023-01-19,9150.0,9225.0,9025.0,9100.0,737278
2023-01-20,9125.0,9300.0,9025.0,9200.0,660170
2023-01-25,9300.0,9500.0,9245.0,9265.0,875884
2023-01-26,9300.0,9755.0,9185.0,9650.0,1894508
2023-01-27,9825.0,9970.0,9485.0,9505.0,1816842
2023-01-30,9560.0,9610.0,9375.0,9400.0,942222
2023-01-31,9400.0,9905.0,9335.0,9710.0,1832300
2023-02-01,9800.0,9965.0,9730.0,9850.0,1292266
2023-02-02,10000.0,10025.0,9630.0,9735.0,1259912
2023-02-03,9755.0,9895.0,9710.0,9725.0,700280
2023-02-06,9725.0,10625.0,9600.0,10550.0,5044894
2023-02-07,10650.0,10800.0,10400.0,10725.0,2646320
2023-02-08,10850.0,11450.0,10725.0,10750.0,2642692
2023-02-09,10650.0,11075.0,10525.0,10625.0,1637766
2023-02-10,10700.0,10775.0,10125.0,10200.0,1458084
2023-02-13,10100.0,10375.0,10025.0,10075.0,939042
2023-02-14,10125.0,10250.0,10000.0,10025.0,748316
2023-02-15,10075.0,10500.0,10025.0,10150.0,1526252
2023-02-16,10300.0,10850.0,10275.0,10750.0,2215270
2023-02-17,10525.0,11075.0,10450.0,10900.0,2285528
2023-02-20,11175.0,11250.0,10750.0,10850.0,1456188
2023-02-21,10875.0,10950.0,10575.0,10750.0,885204
2023-02-22,10550.0,10700.0,10250.0,10300.0,1302568
2023-02-23,10375.0,10525.0,10125.0,10300.0,910338
2023-02-24,10350.0,10650.0,10275.0,10375.0,960054
2023-02-27,10200.0,10350.0,10050.0,10125.0,823024
2023-02-28,10550.0,12475.0,10550.0,12200.0,17335696
2023-03-02,12725.0,13899.0,12699.0,13350.0,15383692
2023-03-03,14000.0,14275.0,13325.0,14075.0,10003824
2023-03-06,15350.0,18275.0,15250.0,18275.0,28146776
2023-03-07,18275.0,19725.0,17475.0,18425.0,22524086
2023-03-08,17275.0,18150.0,16725.0,17850.0,6581448
2023-03-09,17975.0,18075.0,15025.0,15025.0,8471410
2023-03-10,14375.0,16375.0,14000.0,15875.0,7676772
2023-03-13,15900.0,17475.0,15900.0,16450.0,6017988
2023-03-14,16050.0,17225.0,15175.0,16325.0,5200616
2023-03-15,17225.0,17400.0,16150.0,16675.0,3754304
2023-03-16,16149.0,16325.0,15525.0,16300.0,3205226
2023-03-17,16675.0,16725.0,15275.0,15700.0,2658240
2023-03-20,15000.0,16725.0,14725.0,16325.0,3041206
2023-03-21,16550.0,19975.0,16400.0,19550.0,16247772
2023-03-22,19925.0,20375.0,18750.0,19550.0,7549948
2023-03-23,20675.0,25350.0,20675.0,23850.0,22243670
2023-03-24,26100.0,27750.0,24700.0,26250.0,15868920
2023-03-27,25700.0,27500.0,25250.0,26450.0,7670938
2023-03-28,25900.0,25949.0,24149.0,25200.0,5237170
2023-03-29,24600.0,25850.0,24100.0,25200.0,4166854
2023-03-30,25050.0,25150.0,24000.0,24025.0,3384198
2023-03-31,23250.0,26400.0,22800.0,23875.0,7075816
2023-04-03,24700.0,25700.0,24000.0,25100.0,4345008
2023-04-04,25450.0,25500.0,23750.0,23975.0,3582980
2023-04-05,23600.0,24350.0,23000.0,24125.0,2815882
2023-04-06,23750.0,24975.0,23599.0,24950.0,2603174
2023-04-07,25349.0,25900.0,24500.0,25850.0,3357832
2023-04-10,26150.0,28000.0,25850.0,27500.0,6895578
2023-04-11,31250.0,31500.0,25399.0,27900.0,7625328
2023-04-12,26599.0,26800.0,23949.0,24500.0,6046548
2023-04-13,23475.0,23750.0,21700.0,22600.0,5315024
2023-04-14,23500.0,23525.0,21875.0,22800.0,3900900
2023-04-17,22225.0,22450.0,20925.0,21350.0,4581708
2023-04-18,22525.0,24700.0,21700.0,21900.0,10150666
2023-04-19,21500.0,21725.0,20675.0,21250.0,3689334
2023-04-20,22724.0,26250.0,22075.0,24850.0,21099904
2023-04-21,26950.0,28600.0,21800.0,22275.0,20196930
2023-04-24,23050.0,24150.0,21700.0,23150.0,8882856
2023-04-25,23849.0,24050.0,22000.0,22675.0,4450454
2023-04-26,22075.0,22650.0,20150.0,20750.0,5318808
2023-04-27,0.0,0.0,0.0,20750.0,0
2023-04-28,0.0,0.0,0.0,20750.0,0
2023-05-02,0.0,0.0,0.0,20750.0,0
2023-05-03,0.0,0.0,0.0,20750.0,0
2023-05-04,0.0,0.0,0.0,20750.0,0
2023-05-08,0.0,0.0,0.0,20750.0,0
2023-05-09,0.0,0.0,0.0,20750.0,0
2023-05-10,0.0,0.0,0.0,20750.0,0
2023-05-11,0.0,0.0,0.0,20750.0,0
2023-05-12,0.0,0.0,0.0,20750.0,0
2023-05-15,0.0,0.0,0.0,20750.0,0
2023-05-16,0.0,0.0,0.0,20750.0,0
2023-05-17,0.0,0.0,0.0,20750.0,0
2023-05-18,0.0,0.0,0.0,20750.0,0
2023-05-19,0.0,0.0,0.0,20750.0,0
2023-05-22,0.0,0.0,0.0,20750.0,0
2023-05-23,0.0,0.0,0.0,20750.0,0
2023-05-24,0.0,0.0,0.0,20750.0,0
2023-05-25,0.0,0.0,0.0,20750.0,0
2023-05-26,0.0,0.0,0.0,20750.0,0
2023-05-30,0.0,0.0,0.0,20750.0,0
2023-05-31,20750.0,26950.0,20550.0,26950.0,9722393
2023-06-01,29000.0,33500.0,28850.0,30800.0,18257756
2023-06-02,31800.0,31850.0,27000.0,27000.0,8660530
2023-06-05,26350.0,26700.0,25300.0,26300.0,3989961
2023-06-07,26900.0,32150.0,26900.0,30050.0,20274020
2023-06-08,30100.0,31250.0,28550.0,28700.0,6033611
2023-06-09,29300.0,29750.0,28700.0,29500.0,2892535
2023-06-12,29750.0,31650.0,29300.0,30100.0,8118866
2023-06-13,30150.0,30650.0,29050.0,29900.0,5003983
2023-06-14,34700.0,38850.0,33850.0,34550.0,21912745
2023-06-15,33600.0,33700.0,31100.0,33250.0,6388709
2023-06-16,35500.0,36250.0,33000.0,33100.0,6029013
2023-06-19,32300.0,33850.0,32000.0,33650.0,2155981
2023-06-20,33000.0,33000.0,32200.0,32300.0,1184914
2023-06-21,32050.0,32450.0,30100.0,30300.0,1867493
2023-06-22,29850.0,30300.0,29050.0,29550.0,1472466
2023-06-23,29400.0,31100.0,29400.0,29700.0,1496546
2023-06-26,29500.0,29600.0,28100.0,28650.0,1065969
2023-06-27,28800.0,28800.0,27450.0,27650.0,719950
2023-06-28,28100.0,28400.0,27000.0,27100.0,741894
2023-06-29,26750.0,26900.0,26050.0,26100.0,742971
2023-06-30,25850.0,26550.0,25550.0,26250.0,989076
2023-07-03,26450.0,27600.0,25600.0,27250.0,1076975
2023-07-04,27600.0,27650.0,26200.0,26400.0,608257
2023-07-05,26650.0,27750.0,26500.0,27050.0,946369
2023-07-06,27100.0,27200.0,25900.0,26200.0,555963
2023-07-07,25500.0,26150.0,25500.0,25800.0,440085
2023-07-10,25800.0,25850.0,24800.0,25150.0,483887
2023-07-11,25350.0,26150.0,25300.0,25950.0,578542
2023-07-12,26500.0,26550.0,25450.0,25550.0,497126
2023-07-13,25700.0,26050.0,25550.0,25650.0,426224
2023-07-14,25850.0,26500.0,24900.0,26350.0,1051726
2023-07-17,26350.0,26400.0,25500.0,25750.0,515251
2023-07-18,25500.0,26400.0,25500.0,26200.0,798805
2023-07-19,27900.0,28000.0,26200.0,26250.0,1525873
2023-07-20,25800.0,25950.0,25500.0,25700.0,505915
2023-07-21,25450.0,25500.0,25000.0,25150.0,490034
2023-07-24,24900.0,25100.0,23850.0,24300.0,946624
2023-07-25,24000.0,24250.0,23200.0,23400.0,839504
2023-07-26,23150.0,23300.0,21150.0,21800.0,1422751
2023-07-27,21750.0,24650.0,21750.0,22150.0,1723865
2023-07-28,21700.0,22450.0,21300.0,22350.0,740041
2023-07-31,22300.0,23450.0,22300.0,23200.0,623564
2023-08-01,23100.0,23650.0,22300.0,22550.0,464914
2023-08-02,22500.0,22900.0,21750.0,21800.0,375610
2023-08-03,21600.0,21850.0,21000.0,21500.0,395923
2023-08-04,21400.0,22100.0,21250.0,21650.0,287433
2023-08-07,21500.0,21500.0,20000.0,20050.0,711819
2023-08-08,19900.0,20350.0,19800.0,19870.0,433417
2023-08-09,19750.0,20550.0,19490.0,20400.0,341185
2023-08-10,20300.0,20300.0,19800.0,20000.0,218315
2023-08-11,19980.0,20250.0,19800.0,20100.0,238498
2023-08-14,20450.0,20450.0,19580.0,19600.0,325238
2023-08-16,19500.0,19510.0,18620.0,18710.0,409049
2023-08-17,18360.0,18900.0,17890.0,18640.0,398105
2023-08-18,18340.0,18490.0,17900.0,18290.0,238885
2023-08-21,18210.0,18920.0,18180.0,18550.0,221063
2023-08-22,18550.0,18860.0,18130.0,18150.0,171874
2023-08-23,18030.0,18110.0,17260.0,17330.0,394134
2023-08-24,17330.0,17930.0,17330.0,17680.0,230138
2023-08-25,17440.0,17910.0,17330.0,17540.0,261255
2023-08-28,17570.0,17860.0,17330.0,17760.0,181608
2023-08-29,17840.0,17940.0,17540.0,17810.0,175760
2023-08-30,18070.0,19700.0,17960.0,19480.0,1365472
2023-08-31,20550.0,23000.0,20100.0,20400.0,4175164
2023-09-01,20400.0,20400.0,19010.0,19010.0,795365
2023-09-04,19020.0,19680.0,18800.0,19070.0,403449
2023-09-05,19050.0,19390.0,19000.0,19090.0,273550
2023-09-06,19100.0,19470.0,18690.0,18700.0,292019
2023-09-07,18590.0,18700.0,18100.0,18200.0,213991
2023-09-08,18050.0,18420.0,17870.0,18050.0,307096
2023-09-11,18100.0,18220.0,17620.0,17660.0,202206
2023-09-12,17710.0,17900.0,17240.0,17250.0,251874
2023-09-13,17000.0,17340.0,16780.0,16780.0,249572
2023-09-14,16680.0,17100.0,16650.0,16910.0,177918
2023-09-15,17000.0,17240.0,16890.0,17190.0,156984
2023-09-18,17170.0,17190.0,16780.0,16810.0,184081
2023-09-19,16750.0,16930.0,16590.0,16600.0,139872
2023-09-20,16600.0,16760.0,16470.0,16520.0,109655
2023-09-21,16420.0,16500.0,15900.0,15900.0,198732
2023-09-22,15700.0,15860.0,15420.0,15790.0,175173
2023-09-25,15500.0,15700.0,15150.0,15190.0,184650
2023-09-26,15130.0,15480.0,14930.0,14960.0,136373
2023-09-27,14500.0,15400.0,14500.0,15400.0,135811
2023-10-04,15280.0,15280.0,14610.0,14610.0,128869
2023-10-05,14650.0,14790.0,14300.0,14310.0,131171
2023-10-06,14000.0,14790.0,14000.0,14690.0,160034
2023-10-10,15400.0,15790.0,14310.0,14320.0,325369
2023-10-11,14480.0,15020.0,14480.0,14810.0,167908
2023-10-12,14810.0,15500.0,14810.0,15470.0,229700
2023-10-13,15420.0,15450.0,14890.0,15040.0,141706
2023-10-16,14910.0,14930.0,14480.0,14610.0,99922
2023-10-17,14660.0,15360.0,14660.0,15230.0,177585
2023-10-18,15200.0,15200.0,14750.0,14840.0,115327
2023-10-19,14510.0,14740.0,13920.0,13960.0,155930
2023-10-20,13740.0,13800.0,13000.0,13300.0,196273
2023-10-23,12960.0,13430.0,12960.0,13090.0,133822
2023-10-24,13110.0,13400.0,12510.0,13360.0,180029
2023-10-25,13360.0,13490.0,13090.0,13120.0,138084
2023-10-26,12800.0,12970.0,12100.0,12180.0,207745
2023-10-27,12060.0,12650.0,12030.0,12250.0,223217
2023-10-30,12080.0,12460.0,12080.0,12380.0,90683
2023-10-31,12490.0,12490.0,11780.0,11840.0,178642
2023-11-01,11950.0,12350.0,11930.0,11980.0,143539
2023-11-02,12150.0,12900.0,12150.0,12860.0,240053
2023-11-03,13250.0,13570.0,12900.0,13490.0,243838
2023-11-06,14180.0,15380.0,13950.0,15030.0,797765
2023-11-07,15030.0,15030.0,14080.0,14340.0,255893
2023-11-08,14340.0,14520.0,13750.0,13800.0,144511
2023-11-09,13810.0,14030.0,13500.0,13680.0,130769
2023-11-10,13400.0,13810.0,13230.0,13370.0,110842
2023-11-13,13500.0,13680.0,13000.0,13010.0,106768
2023-11-14,13010.0,13570.0,13010.0,13480.0,142789
2023-11-15,13900.0,13920.0,13520.0,13540.0,184708
2023-11-16,13600.0,13800.0,13410.0,13580.0,122266
2023-11-17,13560.0,13570.0,13070.0,13150.0,119720
2023-11-20,13200.0,13470.0,13100.0,13330.0,113728
2023-11-21,13400.0,13420.0,13180.0,13300.0,90446
2023-11-22,13300.0,13300.0,13010.0,13130.0,94381
2023-11-23,13130.0,13300.0,13010.0,13010.0,127687
2023-11-24,13090.0,13100.0,12980.0,13000.0,86273
2023-11-27,13060.0,13060.0,12750.0,12780.0,183251
2023-11-28,13320.0,13790.0,12750.0,12780.0,581783
2023-11-29,12780.0,12860.0,12570.0,12710.0,179958
2023-11-30,12830.0,16390.0,12820.0,15340.0,6850311
2023-12-01,15140.0,15150.0,14130.0,14300.0,1216870
2023-12-04,14390.0,14590.0,13900.0,13990.0,530301
2023-12-05,13800.0,13930.0,13390.0,13470.0,385334
2023-12-06,13430.0,13430.0,13130.0,13220.0,245607
2023-12-07,13270.0,15180.0,13210.0,13630.0,3067408
2023-12-08,13590.0,13950.0,13430.0,13670.0,491015
2023-12-11,13910.0,14450.0,13620.0,14010.0,860582
2023-12-12,14030.0,14040.0,13690.0,13780.0,351221
2023-12-13,13780.0,13790.0,13210.0,13250.0,359223
2023-12-14,13410.0,13480.0,13200.0,13250.0,240586
2023-12-15,13260.0,13940.0,13260.0,13370.0,543270
2023-12-18,13390.0,13780.0,13380.0,13640.0,306573
2023-12-19,13640.0,13640.0,13370.0,13440.0,248730
2023-12-20,13450.0,13800.0,13450.0,13770.0,307016
2023-12-21,13700.0,13800.0,13530.0,13670.0,202083
2023-12-22,13760.0,14050.0,13530.0,13570.0,272042
2023-12-26,13600.0,13690.0,13270.0,13350.0,249784
2023-12-27,13230.0,13610.0,13230.0,13560.0,175990
2023-12-28,13560.0,13670.0,13400.0,13670.0,159396
2024-01-02,13700.0,13920.0,13600.0,13750.0,199168
2024-01-03,13660.0,13660.0,13390.0,13420.0,156051
2024-01-04,13320.0,13480.0,13170.0,13400.0,130712
2024-01-05,13520.0,14660.0,13520.0,13900.0,1639809
2024-01-08,14250.0,14250.0,13780.0,13780.0,306656
2024-01-09,13900.0,14280.0,13790.0,13820.0,263374
2024-01-10,13890.0,13890.0,13510.0,13530.0,186892
2024-01-11,13530.0,13800.0,13520.0,13610.0,127807
2024-01-12,13600.0,13610.0,13290.0,13330.0,172866
2024-01-15,13270.0,13330.0,13050.0,13090.0,178712
2024-01-16,13040.0,13240.0,12830.0,12860.0,187973
2024-01-17,12880.0,12900.0,12330.0,12330.0,193639
2024-01-18,12200.0,12400.0,12110.0,12200.0,139349
2024-01-19,12300.0,12540.0,12100.0,12200.0,145196
2024-01-22,12280.0,12280.0,11760.0,11880.0,220481
2024-01-23,11900.0,12050.0,11730.0,11950.0,137446
2024-01-24,11960.0,12690.0,11850.0,12280.0,203512
2024-01-25,13230.0,14500.0,12520.0,12590.0,2712190
2024-01-26,12450.0,12800.0,12260.0,12550.0,307747
2024-01-29,12550.0,12800.0,12290.0,12400.0,230521
2024-01-30,12430.0,12670.0,12270.0,12280.0,169815
2024-01-31,12160.0,12320.0,12160.0,12160.0,91921
2024-02-01,12160.0,12220.0,12050.0,12180.0,126249
2024-02-02,12190.0,12430.0,12160.0,12360.0,112802
2024-02-05,12490.0,12730.0,12380.0,12430.0,196801
2024-02-06,12400.0,14490.0,12370.0,13310.0,6949402
2024-02-07,13410.0,13470.0,12870.0,13160.0,800012
2024-02-08,13060.0,13220.0,12900.0,12910.0,455517
2024-02-13,12920.0,13180.0,12890.0,13080.0,258822
2024-02-14,12810.0,13070.0,12680.0,13070.0,213649
2024-02-15,13080.0,13210.0,13000.0,13080.0,279946
2024-02-16,13150.0,13400.0,13100.0,13240.0,338577
2024-02-19,13250.0,13320.0,13100.0,13110.0,196322
2024-02-20,13120.0,13130.0,12050.0,13070.0,200736
2024-02-21,12990.0,13210.0,12860.0,13020.0,199842
2024-02-22,13100.0,13600.0,13000.0,13060.0,538027
2024-02-23,13160.0,13170.0,12870.0,12930.0,188492
2024-02-26,13250.0,15760.0,13070.0,14210.0,8105206
2024-02-27,14260.0,14920.0,13830.0,13880.0,2189639
2024-02-28,13760.0,14650.0,13690.0,14440.0,1088937
2024-02-29,14750.0,14760.0,14000.0,14030.0,707364
2024-03-04,13950.0,14110.0,13600.0,13660.0,504971
2024-03-05,13660.0,14340.0,13630.0,14310.0,863746
2024-03-06,14340.0,14450.0,13820.0,13850.0,480822
2024-03-07,14050.0,14610.0,13900.0,14430.0,1085160
2024-03-08,14520.0,15300.0,14210.0,14310.0,2040769
2024-03-11,14320.0,14500.0,13900.0,13940.0,577090
2024-03-12,14400.0,14910.0,14100.0,14780.0,1308914
2024-03-13,14700.0,14700.0,14270.0,14450.0,543398
2024-03-14,14450.0,14450.0,14050.0,14320.0,352543
2024-03-15,14200.0,14310.0,14010.0,14040.0,278825
2024-03-18,14500.0,14620.0,14200.0,14530.0,651637
2024-03-19,14440.0,14440.0,14050.0,14150.0,264310
2024-03-20,14240.0,14240.0,14000.0,14080.0,197275
2024-03-21,14200.0,14200.0,14040.0,14070.0,222597
2024-03-22,14110.0,14180.0,13810.0,13880.0,264568
2024-03-25,13880.0,13910.0,13600.0,13760.0,196613
2024-03-26,13800.0,13870.0,13510.0,13560.0,276990
2024-03-27,13510.0,13890.0,13500.0,13710.0,217859
2024-03-28,13710.0,13740.0,13180.0,13220.0,300252
2024-03-29,13250.0,13310.0,13020.0,13100.0,165078
2024-04-01,13100.0,13140.0,12960.0,13130.0,176246
2024-04-02,13130.0,13170.0,12960.0,12960.0,119176
2024-04-03,12950.0,12950.0,12620.0,12760.0,152333
2024-04-04,12840.0,12940.0,12600.0,12660.0,139373
2024-04-05,12620.0,12640.0,12320.0,12390.0,174347
2024-04-08,12400.0,12400.0,12020.0,12160.0,165541
2024-04-09,12150.0,12320.0,12140.0,12170.0,105240
2024-04-11,11980.0,12270.0,11980.0,12170.0,81208
2024-04-12,12350.0,12360.0,12110.0,12140.0,66129
2024-04-15,12000.0,12110.0,11870.0,11950.0,93085
2024-04-16,11900.0,11900.0,11400.0,11410.0,155816
2024-04-17,11400.0,11670.0,11380.0,11430.0,99748
2024-04-18,11380.0,11740.0,11380.0,11740.0,82913
2024-04-19,11740.0,11750.0,11320.0,11510.0,100424
2024-04-22,11510.0,11800.0,11510.0,11720.0,82460
2024-04-23,11720.0,11780.0,11650.0,11650.0,56660
2024-04-24,11790.0,11910.0,11730.0,11880.0,72695
2024-04-25,11880.0,12090.0,11810.0,12000.0,75532
2024-04-26,12070.0,12150.0,11840.0,11890.0,76460
2024-04-29,11930.0,12280.0,11900.0,12250.0,121333
2024-04-30,12320.0,12330.0,12120.0,12200.0,78452
2024-05-02,12150.0,12260.0,11950.0,12000.0,89431
2024-05-03,12000.0,12150.0,11940.0,11970.0,57563
2024-05-07,12000.0,12050.0,11930.0,11970.0,71130
2024-05-08,12070.0,12070.0,11930.0,12060.0,51851
2024-05-09,12060.0,12100.0,11910.0,11930.0,81234
2024-05-10,11940.0,12000.0,11790.0,11810.0,71793
2024-05-13,11820.0,11880.0,11660.0,11680.0,80038
2024-05-14,11680.0,11900.0,11680.0,11750.0,53718
2024-05-16,11730.0,11850.0,11720.0,11730.0,80801
2024-05-17,11730.0,11880.0,11550.0,11590.0,79011
2024-05-20,11650.0,11650.0,11500.0,11560.0,68943
2024-05-21,11530.0,11560.0,11380.0,11420.0,76719
2024-05-22,11420.0,11480.0,11400.0,11410.0,52729
2024-05-23,11420.0,11460.0,11200.0,11290.0,86869
2024-05-24,11270.0,11270.0,11100.0,11120.0,109248
2024-05-27,11120.0,11340.0,11050.0,11300.0,93808
2024-05-28,11330.0,11340.0,11170.0,11210.0,63747
2024-05-29,11210.0,11210.0,11010.0,11080.0,77852
2024-05-30,11090.0,11130.0,10850.0,10910.0,125302
2024-05-31,10860.0,11190.0,10860.0,10970.0,65826
2024-06-03,11000.0,11170.0,10980.0,11090.0,63683
2024-06-04,11130.0,12100.0,11130.0,11460.0,397088
2024-06-05,11400.0,11690.0,11400.0,11460.0,113272
2024-06-07,11480.0,11610.0,11440.0,11520.0,89878
2024-06-10,11490.0,11640.0,11410.0,11560.0,82472
2024-06-11,11510.0,12100.0,11510.0,11760.0,302783
2024-06-12,11910.0,11910.0,11520.0,11620.0,104652
2024-06-13,11630.0,11760.0,11440.0,11450.0,106633
2024-06-14,11450.0,11450.0,11160.0,11190.0,105729
2024-06-17,11170.0,11250.0,11120.0,11170.0,61165
2024-06-18,11160.0,11240.0,11100.0,11100.0,49008
2024-06-19,11200.0,11210.0,11000.0,11060.0,60392
2024-06-20,11050.0,11490.0,11050.0,11060.0,53121
2024-06-21,10880.0,11040.0,10850.0,10880.0,99004
2024-06-24,10870.0,10880.0,10490.0,10550.0,125947
2024-06-25,10340.0,10690.0,10340.0,10460.0,75561
2024-06-26,10420.0,10630.0,10300.0,10320.0,133433
2024-06-27,10340.0,10430.0,10130.0,10130.0,77075
2024-06-28,10140.0,10360.0,10100.0,10200.0,75465
2024-07-01,10300.0,10410.0,10090.0,10320.0,106226
2024-07-02,10250.0,10320.0,10100.0,10100.0,62118
2024-07-03,10120.0,10270.0,10060.0,10060.0,67185
2024-07-04,10060.0,10150.0,9850.0,9880.0,175152
2024-07-05,9880.0,9930.0,9810.0,9820.0,106198
2024-07-08,9800.0,10050.0,9710.0,10010.0,113048
2024-07-09,10140.0,10180.0,9960.0,10020.0,61490
2024-07-10,9970.0,10000.0,9870.0,9940.0,44740
2024-07-11,9970.0,10140.0,9960.0,10080.0,87105
2024-07-12,10170.0,10430.0,10020.0,10030.0,95669
2024-07-15,10030.0,10040.0,9920.0,10000.0,43295
2024-07-16,9920.0,10050.0,9890.0,9920.0,48976
2024-07-17,9920.0,9970.0,9880.0,9880.0,50332
2024-07-18,9810.0,9840.0,9620.0,9660.0,75835
2024-07-19,9600.0,9800.0,9590.0,9800.0,53336
2024-07-22,9740.0,9790.0,9520.0,9520.0,69774
2024-07-23,9450.0,9600.0,9220.0,9230.0,85035
2024-07-24,9060.0,9210.0,8970.0,9020.0,98547
2024-07-25,8900.0,9040.0,8650.0,8940.0,113939
2024-07-26,8860.0,9080.0,8840.0,9030.0,51888
2024-07-29,9030.0,9070.0,8950.0,9020.0,40457
2024-07-30,8990.0,9050.0,8800.0,8810.0,54217
2024-07-31,8800.0,8930.0,8710.0,8890.0,54023
2024-08-01,8900.0,9180.0,8900.0,9180.0,58984
2024-08-02,9090.0,9090.0,8750.0,8750.0,86107
2024-08-05,8500.0,8710.0,7130.0,7240.0,205594
2024-08-06,7190.0,8140.0,7150.0,8000.0,177344
2024-08-07,7780.0,8090.0,7780.0,7900.0,92249
2024-08-08,7710.0,7910.0,7600.0,7760.0,56734
2024-08-09,7780.0,8100.0,7780.0,7990.0,59923
2024-08-12,7910.0,8220.0,7910.0,8130.0,49263
2024-08-13,8130.0,9920.0,7970.0,8750.0,2506887
2024-08-14,9000.0,9090.0,8750.0,8890.0,218927
2024-08-16,8900.0,8970.0,8680.0,8680.0,157194
2024-08-19,9070.0,9380.0,8700.0,8710.0,429891
2024-08-20,8750.0,11320.0,8750.0,11180.0,7751246
2024-08-21,10700.0,10890.0,10110.0,10420.0,1616355
2024-08-22,10260.0,10610.0,9910.0,9910.0,679935
2024-08-23,10030.0,10440.0,9500.0,9650.0,474810
2024-08-26,9670.0,10100.0,9670.0,9890.0,352180
2024-08-27,9890.0,9980.0,9550.0,9680.0,218440
2024-08-28,9680.0,9690.0,9290.0,9300.0,234823
2024-08-29,9110.0,10390.0,9090.0,9690.0,1357767
2024-08-30,9680.0,10150.0,9400.0,9510.0,452631
2024-09-02,9510.0,9610.0,9310.0,9380.0,176818
2024-09-03,9650.0,10450.0,9380.0,9380.0,615865
2024-09-04,9000.0,9490.0,8910.0,9140.0,204929
2024-09-05,9140.0,9300.0,8860.0,8900.0,129321
2024-09-06,8900.0,9070.0,8500.0,8500.0,136539
2024-09-09,8230.0,8490.0,8100.0,8440.0,95757
2024-09-10,8440.0,8790.0,8360.0,8360.0,96727
2024-09-11,8260.0,8510.0,8260.0,8380.0,70141
2024-09-12,8560.0,8610.0,8410.0,8560.0,95595
2024-09-13,8570.0,8640.0,8420.0,8550.0,79839
2024-09-19,8580.0,8670.0,8360.0,8440.0,72824
2024-09-20,8490.0,8700.0,8420.0,8420.0,86717
2024-09-23,8420.0,9020.0,8420.0,8580.0,287919
2024-09-24,8600.0,8880.0,8600.0,8860.0,114853
2024-09-25,8890.0,8980.0,8780.0,8880.0,98828
2024-09-26,8880.0,9060.0,8850.0,9050.0,97801
2024-09-27,9010.0,9110.0,8920.0,9060.0,73432
2024-09-30,9060.0,9480.0,8810.0,8830.0,146654
2024-10-02,8610.0,8840.0,8530.0,8660.0,42845
2024-10-04,8660.0,8750.0,8560.0,8640.0,44164
2024-10-07,8610.0,8990.0,8610.0,8900.0,63791
2024-10-08,8900.0,8900.0,8730.0,8790.0,39670
2024-10-10,8900.0,8990.0,8770.0,8770.0,49299
2024-10-11,8740.0,8800.0,8580.0,8620.0,55498
2024-10-14,8620.0,8690.0,8400.0,8540.0,57647
2024-10-15,8540.0,8610.0,8420.0,8480.0,53573
2024-10-16,8400.0,8490.0,8300.0,8320.0,57756
2024-10-17,8250.0,8360.0,8210.0,8220.0,57703
2024-10-18,8230.0,8300.0,8000.0,8150.0,73529
2024-10-21,8140.0,8200.0,8090.0,8100.0,51449
2024-10-22,8150.0,8190.0,7830.0,7850.0,84772
2024-10-23,7880.0,7940.0,7660.0,7880.0,57134
2024-10-24,7880.0,7960.0,7690.0,7700.0,65123
2024-10-25,7730.0,7830.0,7520.0,7530.0,53266
2024-10-28,7480.0,7840.0,7480.0,7820.0,51663
2024-10-29,7740.0,7890.0,7690.0,7770.0,30178
2024-10-30,7710.0,7810.0,7670.0,7680.0,37642
2024-10-31,7600.0,7800.0,7510.0,7710.0,36244
2024-11-01,7710.0,7790.0,7660.0,7690.0,27612
2024-11-04,7600.0,7850.0,7600.0,7800.0,42552
2024-11-05,7860.0,8080.0,7750.0,7900.0,76610
2024-11-06,7900.0,7990.0,7680.0,7730.0,78817
2024-11-07,7600.0,7800.0,7410.0,7740.0,64666
2024-11-08,7700.0,7840.0,7670.0,7680.0,44664
2024-11-11,7690.0,7710.0,7170.0,7190.0,125134
2024-11-12,7190.0,9100.0,6970.0,7670.0,1916149
2024-11-13,7550.0,7550.0,7070.0,7070.0,220545
2024-11-14,7010.0,7150.0,6740.0,6740.0,148741
2024-11-15,6550.0,6730.0,6400.0,6560.0,134211
2024-11-18,6500.0,6770.0,6490.0,6670.0,75838
2024-11-19,6630.0,6830.0,6600.0,6780.0,61740
2024-11-20,6780.0,6870.0,6650.0,6670.0,50750
2024-11-21,6670.0,6690.0,6590.0,6630.0,48096
2024-11-22,6630.0,6850.0,6630.0,6650.0,74252
2024-11-25,6650.0,6850.0,6650.0,6820.0,67395
2024-11-26,6890.0,6950.0,6800.0,6810.0,60162
2024-11-27,6810.0,6870.0,6630.0,6650.0,50957
2024-11-28,6640.0,6730.0,6630.0,6720.0,26248
2024-11-29,6720.0,6750.0,6560.0,6630.0,39108
2024-12-02,6650.0,6730.0,6370.0,6380.0,99620
2024-12-03,6300.0,6920.0,6300.0,6550.0,284342
2024-12-04,6390.0,6530.0,6330.0,6360.0,96624
2024-12-05,6360.0,6360.0,6140.0,6160.0,76562
2024-12-06,6050.0,6170.0,5810.0,5990.0,125812
2024-12-09,5990.0,5990.0,5530.0,5530.0,121527
2024-12-10,5520.0,5990.0,5520.0,5960.0,92648
2024-12-11,5950.0,6230.0,5950.0,6190.0,102156
2024-12-12,6190.0,6260.0,6090.0,6200.0,94578
2024-12-13,6190.0,6380.0,6150.0,6350.0,43895
2024-12-16,6360.0,6640.0,6360.0,6580.0,98034
2024-12-17,6630.0,6630.0,6410.0,6500.0,57412
2024-12-18,6500.0,6600.0,6400.0,6600.0,43166
2024-12-19,6450.0,6510.0,6370.0,6440.0,29125
2024-12-20,6440.0,6450.0,6220.0,6220.0,47117
2024-12-23,6220.0,6390.0,6120.0,6320.0,30715
2024-12-24,6380.0,6520.0,6000.0,6200.0,68456
2024-12-26,6210.0,6300.0,6090.0,6120.0,31737
2024-12-27,6000.0,6170.0,5980.0,6000.0,46719
2024-12-30,6000.0,6100.0,5900.0,6100.0,30176
2025-01-02,6100.0,6130.0,5900.0,6040.0,53651
2025-01-03,6020.0,6350.0,6020.0,6260.0,58764
2025-01-06,6270.0,6590.0,6110.0,6520.0,71986
2025-01-07,6530.0,6590.0,6430.0,6490.0,52722
2025-01-08,6490.0,6620.0,6430.0,6570.0,57280
2025-01-09,6590.0,6590.0,6450.0,6570.0,53918
2025-01-10,6570.0,6570.0,6410.0,6450.0,27285
2025-01-13,6440.0,6550.0,6310.0,6320.0,38932
2025-01-14,6320.0,6520.0,6320.0,6460.0,38069
2025-01-15,6460.0,6500.0,6320.0,6340.0,33002
2025-01-16,6350.0,6460.0,6340.0,6420.0,29667
2025-01-17,6400.0,6440.0,6350.0,6350.0,26403
2025-01-20,6350.0,6500.0,6340.0,6500.0,36902
2025-01-21,6590.0,6590.0,6200.0,6300.0,64128
2025-01-22,6300.0,6450.0,6260.0,6320.0,36920
2025-01-23,6350.0,6350.0,6130.0,6130.0,47948
2025-01-24,6400.0,7480.0,6360.0,6710.0,4114196
2025-01-31,6600.0,6610.0,6360.0,6380.0,319603
2025-02-03,6320.0,6320.0,6040.0,6040.0,180517
2025-02-04,6000.0,6250.0,6000.0,6100.0,113377
2025-02-05,6100.0,6300.0,6100.0,6200.0,78188
2025-02-06,6150.0,6250.0,6150.0,6240.0,60860
2025-02-07,6180.0,6260.0,6110.0,6130.0,69411
2025-02-10,6130.0,6630.0,6050.0,6400.0,344789
2025-02-11,6400.0,6600.0,6310.0,6450.0,124982
2025-02-12,6570.0,6570.0,6340.0,6370.0,64648
2025-02-13,6410.0,6540.0,6400.0,6500.0,67685
2025-02-14,6450.0,6700.0,6400.0,6470.0,121725
2025-02-17,6500.0,6750.0,6470.0,6640.0,147549
2025-02-18,6640.0,6720.0,6600.0,6690.0,91293
2025-02-19,6670.0,6940.0,6660.0,6850.0,150030
2025-02-20,6850.0,6960.0,6760.0,6790.0,112177
2025-02-21,6750.0,7110.0,6750.0,7040.0,163128
2025-02-24,6980.0,7100.0,6930.0,7050.0,104834
2025-02-25,7050.0,7050.0,6790.0,6830.0,86779
2025-02-26,6800.0,7140.0,6800.0,7020.0,155687
2025-02-27,7000.0,7150.0,6900.0,6980.0,73925
2025-02-28,6920.0,6940.0,6640.0,6700.0,99734
2025-03-04,6630.0,6690.0,6350.0,6350.0,91661
2025-03-05,6350.0,6500.0,6350.0,6490.0,38782
2025-03-06,6490.0,6600.0,6340.0,6430.0,51985
2025-03-07,6380.0,6580.0,6330.0,6470.0,61371
2025-03-10,6390.0,6500.0,6350.0,6390.0,53201
2025-03-11,6280.0,6330.0,6090.0,6230.0,70274
2025-03-12,6230.0,6310.0,6200.0,6290.0,28153
2025-03-13,6250.0,6360.0,6210.0,6240.0,32916
2025-03-14,6280.0,6450.0,6260.0,6340.0,55871
2025-03-17,6340.0,6430.0,6230.0,6240.0,60004
2025-03-18,6280.0,6370.0,6240.0,6240.0,41546
2025-03-19,6200.0,6300.0,6150.0,6250.0,66123
2025-03-20,6270.0,6350.0,6200.0,6240.0,41698
2025-03-21,6200.0,6300.0,6080.0,6170.0,78173
2025-03-24,6200.0,6200.0,6060.0,6100.0,38317
2025-03-25,6110.0,6180.0,6000.0,6020.0,60179
2025-03-26,6020.0,6160.0,6000.0,6100.0,49737
2025-03-27,6100.0,6100.0,5980.0,6030.0,50947
2025-03-28,6030.0,6030.0,5850.0,5900.0,51527
2025-03-31,5710.0,5850.0,5600.0,5600.0,62585
2025-04-01,5610.0,6020.0,5590.0,5660.0,39088
2025-04-02,5800.0,5800.0,5510.0,5520.0,42491
2025-04-03,5410.0,5520.0,5400.0,5460.0,31075
2025-04-04,5300.0,5550.0,5300.0,5520.0,38614
2025-04-07,5320.0,5360.0,5110.0,5140.0,62518
2025-04-08,5190.0,5290.0,5130.0,5130.0,29279
2025-04-09,4950.0,5170.0,4950.0,4975.0,37338
2025-04-10,5240.0,5330.0,5180.0,5290.0,38742
2025-04-11,5090.0,5350.0,5090.0,5350.0,20969
2025-04-14,5430.0,5490.0,5370.0,5450.0,22534
2025-04-15,5500.0,5590.0,5430.0,5560.0,18573
2025-04-16,5560.0,5590.0,5430.0,5460.0,20840
2025-04-17,5460.0,5570.0,5390.0,5570.0,12997
2025-04-18,5590.0,5610.0,5490.0,5580.0,19684
2025-04-21,5640.0,5700.0,5540.0,5640.0,11448
2025-04-22,5640.0,5640.0,5560.0,5580.0,13684
2025-04-23,5630.0,5780.0,5630.0,5760.0,32063
2025-04-24,5820.0,5820.0,5670.0,5690.0,18773
2025-04-25,5850.0,5890.0,5740.0,5800.0,32786
2025-04-28,5800.0,5990.0,5700.0,5700.0,33004
2025-04-29,5750.0,5780.0,5670.0,5720.0,10032
2025-04-30,5730.0,5790.0,5600.0,5630.0,21318
2025-05-02,5660.0,5900.0,5480.0,5610.0,40706
2025-05-07,5630.0,5640.0,5480.0,5510.0,36230
2025-05-08,5480.0,5620.0,5480.0,5620.0,24896
2025-05-09,5620.0,5620.0,5440.0,5520.0,35065
2025-05-12,5520.0,5610.0,5490.0,5600.0,20209
2025-05-13,5680.0,5680.0,5600.0,5600.0,19667
2025-05-14,5620.0,5620.0,5500.0,5570.0,20234
2025-05-15,5530.0,5600.0,5520.0,5560.0,16567
2025-05-16,5580.0,5580.0,5380.0,5420.0,39164
2025-05-19,5380.0,5470.0,5350.0,5390.0,18749
2025-05-20,5420.0,5450.0,5320.0,5330.0,41124
2025-05-21,5500.0,5500.0,5330.0,5350.0,16885
2025-05-22,5350.0,5380.0,5300.0,5340.0,26194
2025-05-23,5400.0,5410.0,5220.0,5220.0,47138
2025-05-26,5200.0,5290.0,5200.0,5210.0,30005
2025-05-27,5220.0,5250.0,5170.0,5220.0,26794
2025-05-28,5230.0,5400.0,5220.0,5370.0,53325
2025-05-29,5470.0,5480.0,5370.0,5380.0,28510
2025-05-30,5410.0,5440.0,5340.0,5430.0,12594
2025-06-02,5520.0,5530.0,5360.0,5400.0,25070
2025-06-04,5410.0,5490.0,5350.0,5470.0,21644
2025-06-05,5490.0,5500.0,5440.0,5470.0,25161
2025-06-09,5500.0,5540.0,5440.0,5510.0,40661
2025-06-10,5550.0,5590.0,5460.0,5570.0,48264
2025-06-11,5590.0,5620.0,5550.0,5550.0,36338
2025-06-12,5570.0,5610.0,5550.0,5610.0,37732
2025-06-13,5610.0,5610.0,5350.0,5420.0,46654
2025-06-16,5430.0,5430.0,5300.0,5350.0,32344
2025-06-17,5350.0,5420.0,5250.0,5330.0,34062
2025-06-18,5350.0,5390.0,5300.0,5340.0,63275
2025-06-19,5700.0,5790.0,5520.0,5790.0,146674
2025-06-20,5790.0,5800.0,5690.0,5760.0,59021
2025-06-23,5770.0,5890.0,5630.0,5850.0,79438
2025-06-24,5930.0,5950.0,5850.0,5950.0,69657
2025-06-25,5900.0,6150.0,5820.0,6000.0,97988
2025-06-26,6300.0,7270.0,6230.0,6710.0,1476445
2025-06-27,6910.0,6980.0,6350.0,6440.0,255153
2025-06-30,6320.0,6340.0,6160.0,6200.0,96289
2025-07-01,6210.0,6270.0,6160.0,6170.0,60276
2025-07-02,6170.0,6230.0,6000.0,6220.0,78688
2025-07-03,6300.0,6430.0,6230.0,6420.0,81077
2025-07-04,6460.0,6520.0,6390.0,6410.0,78391
2025-07-07,6360.0,6370.0,6250.0,6270.0,34868
2025-07-08,6190.0,6260.0,6140.0,6180.0,33250
2025-07-09,6310.0,6310.0,6170.0,6200.0,28114
2025-07-10,6270.0,6270.0,6150.0,6170.0,31836
2025-07-11,6210.0,6290.0,6210.0,6240.0,32463
2025-07-14,6280.0,6280.0,6160.0,6210.0,30787
2025-07-15,6210.0,6240.0,6100.0,6220.0,32458
2025-07-16,6250.0,6250.0,6120.0,6190.0,22583
2025-07-17,6200.0,6300.0,6050.0,6180.0,40421
2025-07-18,6210.0,6350.0,6160.0,6310.0,63171
2025-07-21,6330.0,6480.0,6290.0,6440.0,61995
2025-07-22,6540.0,6940.0,6410.0,6610.0,283570
2025-07-23,6750.0,6790.0,6460.0,6550.0,77789
2025-07-24,6600.0,6600.0,6410.0,6410.0,44232
2025-07-25,6430.0,6450.0,6270.0,6320.0,40089
2025-07-28,6280.0,6300.0,6160.0,6200.0,29912
2025-07-29,6250.0,6250.0,6080.0,6140.0,35550
2025-07-30,6180.0,6270.0,6090.0,6180.0,38437
2025-07-31,6180.0,6280.0,6120.0,6130.0,28877
2025-08-01,6130.0,6130.0,5840.0,5850.0,69360
2025-08-04,5980.0,5980.0,5770.0,5940.0,45166
2025-08-05,5950.0,6180.0,5950.0,6150.0,44111
2025-08-06,6030.0,6250.0,6030.0,6180.0,32954
2025-08-07,6200.0,6240.0,6120.0,6150.0,24953
2025-08-08,6150.0,6190.0,6110.0,6170.0,16122
2025-08-11,6170.0,6280.0,6170.0,6190.0,33063
2025-08-12,6200.0,6230.0,6070.0,6070.0,32060
2025-08-13,6220.0,6220.0,5960.0,5990.0,44489
2025-08-14,6010.0,6120.0,5980.0,6030.0,18090
2025-08-18,5970.0,6030.0,5880.0,5890.0,31889
2025-08-19,5860.0,5930.0,5810.0,5850.0,25082
2025-08-20,5840.0,5840.0,5670.0,5750.0,33666
2025-08-21,5720.0,5830.0,5720.0,5750.0,24575
2025-08-22,5690.0,5850.0,5690.0,5730.0,32728
2025-08-25,5730.0,5790.0,5720.0,5750.0,13002
2025-08-26,5700.0,5780.0,5700.0,5750.0,12735
2025-08-27,5760.0,5760.0,5680.0,5680.0,15550
2025-08-28,5680.0,5800.0,5610.0,5610.0,17741
2025-08-29,5680.0,5680.0,5470.0,5500.0,25804
2025-09-01,5510.0,5510.0,5400.0,5430.0,20375
2025-09-02,5440.0,5500.0,5390.0,5480.0,16747
2025-09-03,5800.0,5800.0,5500.0,5550.0,21926
2025-09-04,5550.0,5590.0,5510.0,5550.0,12315
2025-09-05,5650.0,5730.0,5590.0,5620.0,25447
2025-09-08,5630.0,5650.0,5550.0,5600.0,13887
2025-09-09,5570.0,5660.0,5570.0,5600.0,15395
2025-09-10,5590.0,5670.0,5550.0,5600.0,26703
2025-09-11,5560.0,5680.0,5560.0,5670.0,63400
2025-09-12,5700.0,5780.0,5670.0,5760.0,44820
2025-09-15,5760.0,5780.0,5700.0,5740.0,25513
2025-09-16,5770.0,5780.0,5670.0,5670.0,25388
2025-09-17,5730.0,5730.0,5600.0,5630.0,23493
2025-09-18,5680.0,5740.0,5640.0,5720.0,19625
2025-09-19,5720.0,5740.0,5650.0,5650.0,17227
2025-09-22,5650.0,5670.0,5530.0,5590.0,30712
2025-09-23,5590.0,5640.0,5530.0,5590.0,30110
2025-09-24,5630.0,5630.0,5530.0,5530.0,33285
2025-09-25,5520.0,5570.0,5480.0,5530.0,18707
2025-09-26,5490.0,5500.0,5410.0,5460.0,24844
2025-09-29,5600.0,5600.0,5390.0,5400.0,24097
2025-09-30,5350.0,5440.0,5300.0,5300.0,32572
2025-10-01,5420.0,5420.0,5150.0,5200.0,44731
2025-10-02,5240.0,5290.0,5190.0,5250.0,20122
2025-10-10,5300.0,5300.0,5150.0,5200.0,35870
2025-10-13,5140.0,5200.0,5060.0,5200.0,43039
2025-10-14,5150.0,5290.0,5140.0,5250.0,35528
2025-10-15,5250.0,5380.0,5240.0,5370.0,31522
2025-10-16,5380.0,5540.0,5380.0,5530.0,56435
2025-10-17,5660.0,5850.0,5610.0,5850.0,164765
2025-10-20,6000.0,6010.0,5680.0,5880.0,74115
2025-10-21,5900.0,6000.0,5810.0,5810.0,94977
2025-10-22,7020.0,7550.0,6930.0,7550.0,4290405
2025-10-23,9300.0,9810.0,9050.0,9810.0,4040619
2025-10-24,11990.0,12750.0,11500.0,12400.0,6412022
2025-10-27,11990.0,12130.0,10730.0,11130.0,9940361
2025-10-28,11150.0,13980.0,11140.0,12410.0,11730166
2025-10-29,12820.0,13310.0,11540.0,11700.0,4380661
2025-10-30,11700.0,11700.0,10540.0,10780.0,2528671
2025-10-31,10570.0,11050.0,10140.0,10670.0,2061320
2025-11-03,10970.0,11050.0,9950.0,10320.0,1685719
2025-11-04,10500.0,10860.0,10090.0,10250.0,2114209
2025-11-05,10030.0,10100.0,9640.0,9890.0,895065
2025-11-06,10240.0,10660.0,9850.0,9970.0,1149135
2025-11-07,9650.0,10460.0,9500.0,10360.0,881811
2025-11-10,10230.0,10940.0,9980.0,10910.0,1559357
2025-11-11,11100.0,11290.0,9860.0,9900.0,1441026
2025-11-12,9980.0,10190.0,9670.0,10160.0,643520
2025-11-13,9950.0,10200.0,9850.0,10090.0,417880
2025-11-14,9750.0,9910.0,9240.0,9260.0,634911
2025-11-17,9360.0,12030.0,9150.0,11420.0,9895148
2025-11-18,11140.0,11510.0,10120.0,10200.0,2432575
2025-11-19,10190.0,11180.0,9720.0,9960.0,2783696
2025-11-20,10060.0,10330.0,9760.0,9920.0,765831
2025-11-21,9430.0,9600.0,9300.0,9340.0,460244
2025-11-24,9450.0,9530.0,9180.0,9200.0,345837
2025-11-25,9360.0,9610.0,8700.0,8890.0,543584
2025-11-26,9000.0,9680.0,8950.0,9150.0,741075
2025-11-27,9200.0,9230.0,8960.0,8970.0,368078
2025-11-28,9030.0,9130.0,8890.0,9090.0,309243
2025-12-01,9170.0,9460.0,9050.0,9350.0,489385
2025-12-02,9330.0,9540.0,9020.0,9340.0,362396
2025-12-03,9400.0,9500.0,9260.0,9350.0,228748
2025-12-04,9350.0,9360.0,9130.0,9190.0,234623
2025-12-05,9200.0,9490.0,9080.0,9260.0,306296
2025-12-08,9450.0,10930.0,9260.0,10140.0,3103433
2025-12-09,9800.0,10710.0,9650.0,10050.0,1643036
2025-12-10,10240.0,10580.0,10030.0,10120.0,999810
2025-12-11,10120.0,10130.0,9740.0,9850.0,451099
2025-12-12,9860.0,10010.0,9670.0,9890.0,255947
