date,open,high,low,close,volume
2015-12-29,1175.0,1530.0,1175.0,1531.0,2137055
2015-12-30,1678.0,1969.0,1512.0,1671.0,10073520
2016-01-04,2060.0,2171.0,1969.0,2174.0,795655
2016-01-05,2567.0,2756.0,2311.0,2545.0,4933810
2016-01-06,2518.0,2593.0,2343.0,2396.0,2033095
2016-01-07,2630.0,2881.0,2350.0,2399.0,1805232
2016-01-08,2260.0,2344.0,2138.0,2294.0,671540
2016-01-11,2229.0,2269.0,2121.0,2138.0,302726
2016-01-12,2101.0,2204.0,2039.0,2085.0,454559
2016-01-13,2109.0,2705.0,2103.0,2344.0,4023141
2016-01-14,2518.0,3044.0,2492.0,2795.0,5096778
2016-01-15,2756.0,2931.0,2655.0,2883.0,1924350
2016-01-18,3106.0,3169.0,2831.0,3020.0,1935820
2016-01-19,2943.0,3044.0,2818.0,3045.0,1107683
2016-01-20,2994.0,3007.0,2756.0,2769.0,566001
2016-01-21,2730.0,2793.0,2643.0,2758.0,379304
2016-01-22,2756.0,2855.0,2681.0,2769.0,589242
2016-01-25,2793.0,2981.0,2705.0,2983.0,653463
2016-01-26,3156.0,3256.0,2881.0,2933.0,1337740
2016-01-27,3019.0,3069.0,2718.0,2745.0,537304
2016-01-28,2743.0,2818.0,2668.0,2707.0,195671
2016-01-29,2705.0,2968.0,2681.0,2970.0,440790
2016-02-01,2905.0,2968.0,2855.0,2933.0,236994
2016-02-02,2918.0,2943.0,2793.0,2795.0,204173
2016-02-03,2780.0,2869.0,2756.0,2857.0,117750
2016-02-04,2818.0,3007.0,2768.0,3009.0,362244
2016-02-05,2957.0,3007.0,2869.0,2970.0,213638
2016-02-11,2806.0,2893.0,2768.0,2808.0,157585
2016-02-12,2756.0,2855.0,2655.0,2783.0,166361
2016-02-15,2855.0,3031.0,2793.0,3020.0,462077
2016-02-16,3007.0,3106.0,2893.0,3009.0,408503
2016-02-17,3094.0,3846.0,3044.0,3547.0,3044789
2016-02-18,3570.0,4009.0,3458.0,3623.0,1580743
2016-02-19,3683.0,3822.0,3570.0,3811.0,593692
2016-02-22,3733.0,3808.0,3595.0,3623.0,517584
2016-02-23,3683.0,3696.0,3432.0,3623.0,331962
2016-02-24,3557.0,4058.0,3557.0,3748.0,872721
2016-02-25,3822.0,3833.0,3633.0,3773.0,206816
2016-02-26,3746.0,3921.0,3633.0,3647.0,419390
2016-02-29,3733.0,3758.0,3546.0,3559.0,247090
2016-03-02,3595.0,3595.0,3458.0,3459.0,132007
2016-03-03,3520.0,3532.0,3432.0,3459.0,89094
2016-03-04,3432.0,3620.0,3394.0,3484.0,135232
2016-03-07,3470.0,3557.0,3432.0,3459.0,72487
2016-03-08,3470.0,3532.0,3420.0,3509.0,74065
2016-03-09,3532.0,3570.0,3458.0,3559.0,57632
2016-03-10,3557.0,3633.0,3507.0,3535.0,80044
2016-03-11,3507.0,3532.0,3432.0,3434.0,90014
2016-03-14,3432.0,3470.0,3219.0,3221.0,99924
2016-03-15,3194.0,3369.0,3119.0,3233.0,103834
2016-03-16,3207.0,3282.0,3194.0,3233.0,57962
2016-03-17,3282.0,3420.0,3207.0,3233.0,97439
2016-03-18,3244.0,3319.0,3194.0,3321.0,44769
2016-03-21,3369.0,3369.0,3232.0,3334.0,26845
2016-03-22,3369.0,3369.0,3232.0,3285.0,26107
2016-03-23,3382.0,3382.0,3207.0,3221.0,41592
2016-03-24,3219.0,3244.0,3181.0,3196.0,32379
2016-03-25,3232.0,3232.0,3144.0,3221.0,27859
2016-03-28,3270.0,3369.0,3156.0,3296.0,343803
2016-03-29,3282.0,3295.0,3031.0,3159.0,169745
2016-03-30,3194.0,3194.0,3031.0,3059.0,98163
2016-03-31,3069.0,3094.0,3044.0,3083.0,39948
2016-04-01,3094.0,3106.0,2957.0,2957.0,77101
2016-04-04,2968.0,3219.0,2957.0,3083.0,133191
2016-04-05,3131.0,3156.0,3056.0,3146.0,36633
2016-04-06,3144.0,3207.0,3082.0,3184.0,60664
2016-04-07,3181.0,3282.0,3144.0,3159.0,75201
2016-04-08,3156.0,3156.0,2994.0,3045.0,84312
2016-04-11,3044.0,3094.0,3007.0,3095.0,53471
2016-04-12,3069.0,3507.0,3069.0,3434.0,294209
2016-04-14,3382.0,3445.0,3244.0,3410.0,100540
2016-04-15,3408.0,3483.0,3345.0,3372.0,31500
2016-04-18,3445.0,3546.0,3332.0,3484.0,62783
2016-04-19,3507.0,3608.0,3408.0,3610.0,77013
2016-04-20,3608.0,3708.0,3470.0,3472.0,50612
2016-04-21,3557.0,3595.0,3483.0,3585.0,52901
2016-04-22,3520.0,3620.0,3470.0,3522.0,66435
2016-04-25,3520.0,3595.0,3483.0,3535.0,62952
2016-04-26,3495.0,3996.0,3495.0,3999.0,257848
2016-04-27,4085.0,4986.0,3933.0,4587.0,842227
2016-04-28,4572.0,4661.0,4435.0,4488.0,188224
2016-04-29,4498.0,4761.0,4397.0,4499.0,223030
2016-05-02,4459.0,4585.0,4410.0,4537.0,78924
2016-05-03,4648.0,4648.0,4372.0,4424.0,83662
2016-05-04,4410.0,4410.0,4034.0,4073.0,190127
2016-05-09,4121.0,4210.0,4034.0,4035.0,73286
2016-05-10,4034.0,4197.0,3971.0,4136.0,62883
2016-05-11,4247.0,4661.0,4184.0,4400.0,280374
2016-05-12,4310.0,4372.0,4085.0,4124.0,128433
2016-05-13,4134.0,4234.0,4085.0,4136.0,43143
2016-05-16,4134.0,4184.0,4009.0,4073.0,54806
2016-05-17,4072.0,4247.0,4009.0,4011.0,88564
2016-05-18,3984.0,3984.0,3822.0,3885.0,52858
2016-05-19,3884.0,4085.0,3770.0,4011.0,41461
2016-05-20,4184.0,4184.0,4009.0,4048.0,31314
2016-05-23,4009.0,4121.0,3984.0,4061.0,31207
2016-05-24,4085.0,4109.0,3996.0,3999.0,33083
2016-05-25,4009.0,4109.0,3871.0,4011.0,371575
2016-05-26,4096.0,4210.0,4034.0,4173.0,61125
2016-05-27,4171.0,4171.0,4034.0,4061.0,37796
2016-05-30,4058.0,4222.0,4058.0,4160.0,35785
2016-05-31,4160.0,4234.0,4134.0,4212.0,26958
2016-06-01,4184.0,4234.0,4109.0,4212.0,22507
2016-06-02,4222.0,4410.0,4160.0,4173.0,81575
2016-06-03,4184.0,4234.0,4072.0,4124.0,36116
2016-06-07,4134.0,4297.0,4134.0,4224.0,31233
2016-06-08,4272.0,4397.0,4134.0,4324.0,71938
2016-06-09,4360.0,4473.0,4322.0,4387.0,66998
2016-06-10,4385.0,4510.0,4322.0,4475.0,96096
2016-06-13,4498.0,4911.0,4485.0,4763.0,214213
2016-06-14,4723.0,4774.0,4510.0,4624.0,92053
2016-06-15,4623.0,4623.0,4410.0,4512.0,64742
2016-06-16,4447.0,4498.0,4360.0,4437.0,50670
2016-06-17,4435.0,4535.0,4397.0,4462.0,29497
2016-06-20,4485.0,4535.0,4410.0,4437.0,30169
2016-06-21,4410.0,4459.0,4360.0,4387.0,35533
2016-06-22,4485.0,4485.0,4360.0,4362.0,32122
2016-06-23,4372.0,4385.0,4210.0,4237.0,40319
2016-06-24,4322.0,4334.0,3933.0,4098.0,88859
2016-06-27,3933.0,4184.0,3933.0,4186.0,42776
2016-06-28,4184.0,4510.0,4046.0,4437.0,65071
2016-06-29,4510.0,4510.0,4360.0,4424.0,25284
2016-06-30,4422.0,4572.0,4422.0,4475.0,37854
2016-07-01,4535.0,4535.0,4348.0,4387.0,25702
2016-07-04,4459.0,4459.0,4272.0,4362.0,19088
2016-07-05,4334.0,4498.0,4334.0,4499.0,24467
2016-07-06,4498.0,4710.0,4447.0,4637.0,44180
2016-07-07,4698.0,4735.0,4623.0,4637.0,52946
2016-07-08,4648.0,4849.0,4648.0,4712.0,43536
2016-07-11,4761.0,4811.0,4710.0,4750.0,39970
2016-07-12,4836.0,6165.0,4823.0,6166.0,1163089
2016-07-13,7004.0,8006.0,6703.0,8009.0,1999020
2016-07-14,8195.0,9398.0,7455.0,8259.0,2190102
2016-07-15,7932.0,8496.0,7794.0,8147.0,139222
2016-07-18,7957.0,8697.0,7957.0,8523.0,138206
2016-07-19,8772.0,9272.0,8772.0,9249.0,166599
2016-07-20,9686.0,9799.0,8722.0,9049.0,229253
2016-07-21,9173.0,9173.0,7644.0,8072.0,439228
2016-07-22,8069.0,9248.0,7593.0,8848.0,618920
2016-07-25,8847.0,9198.0,8245.0,8272.0,245157
2016-07-26,8145.0,8872.0,7895.0,8510.0,278406
2016-07-27,10471.0,11035.0,9858.0,9957.0,901306
2016-07-28,9367.0,9685.0,8999.0,9172.0,326645
2016-07-29,9244.0,9318.0,8361.0,8535.0,297758
2016-08-01,8533.0,8533.0,7896.0,8093.0,171491
2016-08-02,8140.0,8582.0,7846.0,8142.0,180116
2016-08-03,8018.0,8140.0,7528.0,7554.0,138307
2016-08-04,7552.0,7798.0,7135.0,7137.0,138218
2016-08-05,7233.0,7380.0,6890.0,7038.0,108932
2016-08-08,7086.0,7625.0,7013.0,7430.0,144139
2016-08-09,7380.0,7772.0,7209.0,7505.0,122797
2016-08-10,7503.0,7748.0,7331.0,7554.0,72910
2016-08-11,7552.0,7650.0,7258.0,7382.0,62407
2016-08-12,7380.0,9588.0,7380.0,9589.0,1199355
2016-08-16,9981.0,10225.0,8828.0,8952.0,768295
2016-08-17,8999.0,11158.0,8754.0,9737.0,2109309
2016-08-18,10005.0,10176.0,9122.0,9172.0,505162
2016-08-19,9269.0,9269.0,8361.0,8486.0,422351
2016-08-22,7994.0,8754.0,7896.0,8289.0,611028
2016-08-23,8434.0,9514.0,8434.0,9000.0,815150
2016-08-24,9318.0,9465.0,8239.0,8240.0,613469
2016-08-25,7994.0,8411.0,7994.0,8069.0,229792
2016-08-26,7944.0,8289.0,7944.0,8044.0,184968
2016-08-29,7896.0,7969.0,7307.0,7382.0,261791
2016-08-30,7479.0,7969.0,7355.0,7456.0,223222
2016-08-31,7503.0,7528.0,7013.0,7235.0,189464
2016-09-01,7135.0,7625.0,7086.0,7529.0,173571
2016-09-02,7528.0,7871.0,7454.0,7677.0,135234
2016-09-05,7748.0,7969.0,7700.0,7947.0,121015
2016-09-06,7944.0,8557.0,7846.0,8339.0,276357
2016-09-07,8582.0,9048.0,8533.0,8902.0,488283
2016-09-08,9023.0,11010.0,9023.0,10007.0,1568188
2016-09-09,10421.0,11035.0,10225.0,10889.0,1150876
2016-09-12,11820.0,14150.0,11599.0,14151.0,2016681
2016-09-13,15278.0,15694.0,12801.0,13906.0,1896636
2016-09-19,14075.0,15596.0,13709.0,15206.0,926570
2016-09-20,14468.0,14910.0,13733.0,14322.0,370242
2016-09-21,14321.0,15449.0,14321.0,15034.0,269586
2016-09-22,15180.0,18638.0,14959.0,17315.0,1008756
2016-09-23,16676.0,18490.0,16381.0,18148.0,401864
2016-09-26,19079.0,20477.0,18882.0,20062.0,537049
2016-09-27,20747.0,22316.0,15719.0,19768.0,766618
2016-09-28,21090.0,21654.0,19153.0,20847.0,283137
2016-09-29,21189.0,22856.0,20845.0,22857.0,388775
2016-09-30,23101.0,24474.0,21335.0,24476.0,460997
2016-10-04,24400.0,25897.0,22831.0,24525.0,397204
2016-10-05,23812.0,24769.0,23273.0,24132.0,194624
2016-10-06,24327.0,24818.0,23444.0,24132.0,170970
2016-10-07,24400.0,25014.0,23690.0,24868.0,134375
2016-10-10,24867.0,25063.0,24523.0,24770.0,72266
2016-10-11,24719.0,25700.0,24033.0,24476.0,136840
2016-10-12,24376.0,24965.0,23837.0,24035.0,80767
2016-10-13,24131.0,24302.0,20133.0,21288.0,457699
2016-10-14,21679.0,22218.0,17656.0,18198.0,669604
2016-10-17,17461.0,22856.0,13854.0,21410.0,2649892
2016-10-18,22120.0,22268.0,20231.0,21877.0,413005
2016-10-19,21630.0,23469.0,21213.0,22956.0,411351
2016-10-20,22979.0,23960.0,21090.0,21680.0,408033
2016-10-21,20404.0,23542.0,19274.0,23397.0,845109
2016-10-24,24180.0,24769.0,23910.0,24476.0,357860
2016-10-25,25014.0,25455.0,23052.0,23348.0,302663
2016-10-26,21286.0,21850.0,17289.0,18958.0,1300034
2016-10-27,18662.0,19986.0,17902.0,19031.0,448057
2016-10-28,18882.0,24033.0,18563.0,19423.0,1831921
2016-10-31,19765.0,20158.0,17803.0,18345.0,454707
2016-11-01,17754.0,19594.0,15866.0,16652.0,1060723
2016-11-02,15939.0,17461.0,15596.0,16088.0,445937
2016-11-03,15252.0,16503.0,14518.0,14518.0,421302
2016-11-04,14125.0,14321.0,12727.0,13219.0,805930
2016-11-07,14223.0,17166.0,13953.0,17168.0,2035826
2016-11-08,17803.0,18736.0,15228.0,16063.0,1758989
2016-11-09,16308.0,16528.0,13438.0,15573.0,1408401
2016-11-10,16234.0,16676.0,15743.0,15892.0,595798
2016-11-11,15547.0,16822.0,15154.0,15573.0,502603
2016-11-14,15130.0,15670.0,14493.0,14715.0,381481
2016-11-15,14860.0,15547.0,14345.0,14812.0,384121
2016-11-16,14910.0,15866.0,14787.0,15303.0,359380
2016-11-17,16381.0,16626.0,15547.0,15573.0,484427
2016-11-18,15670.0,15842.0,15228.0,15352.0,116150
2016-11-21,15351.0,16260.0,14762.0,15868.0,265792
2016-11-22,16087.0,16455.0,15866.0,16040.0,350330
2016-11-23,16185.0,17607.0,15769.0,16408.0,608653
2016-11-24,16430.0,16872.0,15842.0,16088.0,202715
2016-11-25,16185.0,16381.0,15743.0,16040.0,158034
2016-11-28,15989.0,16676.0,15769.0,16285.0,182518
2016-11-29,16161.0,16602.0,14566.0,16138.0,349638
2016-11-30,16381.0,16528.0,15694.0,15696.0,134033
2016-12-01,15793.0,15793.0,14959.0,15157.0,168295
2016-12-02,15228.0,15547.0,14664.0,14667.0,138706
2016-12-05,14223.0,14468.0,13487.0,13489.0,275239
2016-12-06,13585.0,15327.0,13585.0,14812.0,264276
2016-12-07,15351.0,15670.0,14959.0,15157.0,184503
2016-12-08,15449.0,15866.0,14738.0,15868.0,247754
2016-12-09,16430.0,17607.0,14370.0,14715.0,980670
2016-12-12,15009.0,15424.0,14738.0,15303.0,304125
2016-12-13,15204.0,15327.0,14787.0,14789.0,152369
2016-12-14,14592.0,14984.0,14592.0,14812.0,115887
2016-12-15,14836.0,15401.0,14787.0,15059.0,106462
2016-12-16,15204.0,15743.0,15057.0,15451.0,184290
2016-12-19,16013.0,16381.0,15621.0,16285.0,238559
2016-12-20,16970.0,17338.0,16283.0,16824.0,322770
2016-12-21,17117.0,17166.0,16210.0,16776.0,197648
2016-12-22,17044.0,17044.0,16528.0,16776.0,107813
2016-12-23,16848.0,16896.0,16430.0,16677.0,148535
2016-12-26,16283.0,16626.0,15719.0,15990.0,228913
2016-12-27,15694.0,16676.0,15694.0,16677.0,278384
2016-12-28,17344.0,17905.0,16809.0,16810.0,177925
2016-12-29,16809.0,17050.0,16061.0,16250.0,141560
2017-01-02,16088.0,16622.0,15981.0,16356.0,84425
2017-01-03,16355.0,18439.0,16275.0,18120.0,403966
2017-01-04,18306.0,18466.0,17798.0,18146.0,146746
2017-01-05,18092.0,18226.0,17638.0,17719.0,102098
2017-01-06,17878.0,18600.0,17745.0,18547.0,267093
2017-01-09,18894.0,20097.0,18466.0,19750.0,488923
2017-01-10,19829.0,20177.0,19161.0,19937.0,223416
2017-01-11,19161.0,20069.0,19135.0,19430.0,200957
2017-01-12,19188.0,19642.0,18199.0,18360.0,264070
2017-01-13,18680.0,19027.0,17371.0,17986.0,268764
2017-01-16,17905.0,18119.0,17424.0,17479.0,118781
2017-01-17,17585.0,18012.0,16836.0,17104.0,162641
2017-01-18,16676.0,17023.0,16142.0,16944.0,182055
2017-01-19,16970.0,17050.0,15955.0,16008.0,185254
2017-01-20,15687.0,16008.0,15393.0,15448.0,190310
2017-01-23,15259.0,15874.0,14244.0,14325.0,202701
2017-01-24,14137.0,14698.0,13682.0,14245.0,258288
2017-01-25,14297.0,14484.0,13094.0,13416.0,149493
2017-01-26,13469.0,13682.0,13041.0,13470.0,127513
2017-01-31,13522.0,13790.0,12533.0,12722.0,153120
2017-02-01,12506.0,12613.0,11918.0,11973.0,289263
2017-02-02,8898.0,11544.0,8898.0,10370.0,1064819
2017-02-03,10422.0,11331.0,10261.0,10396.0,405371
2017-02-06,10582.0,10582.0,9486.0,9488.0,357036
2017-02-07,9353.0,10047.0,8631.0,8713.0,486062
2017-02-08,8871.0,9380.0,8551.0,9301.0,282359
2017-02-09,9219.0,9299.0,8818.0,8954.0,144862
2017-02-10,8952.0,9353.0,8818.0,9247.0,147083
2017-02-13,9299.0,9860.0,9058.0,9621.0,211545
2017-02-14,9593.0,11357.0,9512.0,10610.0,718384
2017-02-15,10635.0,11170.0,10342.0,10423.0,350970
2017-02-16,11377.0,12729.0,11019.0,11059.0,908428
2017-02-17,11456.0,11536.0,10701.0,10980.0,189793
2017-02-20,10979.0,11377.0,10462.0,10463.0,161486
2017-02-21,10621.0,11098.0,10621.0,10900.0,128731
2017-02-22,10900.0,10900.0,10501.0,10582.0,92333
2017-02-23,10581.0,10701.0,10263.0,10264.0,84483
2017-02-24,10621.0,11615.0,10383.0,10662.0,425755
2017-02-27,9746.0,9984.0,9110.0,9269.0,644109
2017-02-28,9269.0,9388.0,8990.0,9110.0,236224
2017-03-02,9029.0,9110.0,8314.0,8394.0,377051
2017-03-03,8433.0,8632.0,7956.0,8394.0,261581
2017-03-06,8433.0,9070.0,8194.0,8394.0,293707
2017-03-07,8155.0,8234.0,7956.0,8116.0,376661
2017-03-08,8075.0,8274.0,8035.0,8196.0,185976
2017-03-09,8194.0,8831.0,7948.0,8434.0,673239
2017-03-10,8353.0,8632.0,7932.0,8355.0,481438
2017-03-13,8353.0,8552.0,8194.0,8473.0,201346
2017-03-14,8552.0,8632.0,8234.0,8275.0,206638
2017-03-15,8314.0,8353.0,7996.0,7996.0,241957
2017-03-16,8035.0,8155.0,7956.0,8116.0,204370
2017-03-17,8075.0,8234.0,7956.0,8116.0,197467
2017-03-20,8155.0,8234.0,7996.0,7996.0,134674
2017-03-21,8075.0,8075.0,7764.0,7814.0,368081
2017-03-22,7812.0,7892.0,7264.0,7280.0,347713
2017-03-23,7279.0,7319.0,7024.0,7034.0,446865
2017-03-24,7033.0,8035.0,7024.0,7408.0,1459562
2017-03-27,7454.0,7582.0,7160.0,7161.0,346098
2017-03-28,7160.0,7423.0,7128.0,7288.0,227749
2017-03-29,7295.0,7359.0,7024.0,7026.0,313559
2017-03-30,6977.0,6977.0,6205.0,6334.0,875841
2017-03-31,6381.0,7319.0,6309.0,6350.0,1581053
2017-04-03,6436.0,6762.0,6428.0,6668.0,379530
2017-04-04,6667.0,6706.0,6460.0,6461.0,232008
2017-04-05,6476.0,6762.0,6468.0,6524.0,231705
2017-04-06,6650.0,6658.0,6428.0,6548.0,186863
2017-04-07,6579.0,6667.0,6476.0,6516.0,118793
2017-04-10,6603.0,6635.0,6277.0,6278.0,239305
2017-04-11,6205.0,6356.0,6038.0,6039.0,260258
2017-04-12,6046.0,6205.0,5966.0,6007.0,209799
2017-04-13,6046.0,6118.0,5807.0,5825.0,267924
2017-04-14,5823.0,6309.0,5823.0,6031.0,611975
2017-04-17,6054.0,6484.0,5982.0,6397.0,418212
2017-04-18,6452.0,6491.0,6007.0,6158.0,559946
2017-04-19,6086.0,7996.0,6086.0,7328.0,2504884
2017-04-20,7876.0,7956.0,6714.0,6771.0,2265478
2017-04-21,6754.0,6762.0,6381.0,6413.0,638912
2017-04-24,6444.0,6547.0,6133.0,6135.0,453334
2017-04-25,6133.0,6524.0,6133.0,6238.0,451164
2017-04-26,6269.0,6563.0,6269.0,6485.0,546377
2017-04-27,6587.0,6587.0,6364.0,6429.0,248157
2017-04-28,6428.0,6491.0,6269.0,6342.0,186684
2017-05-02,6381.0,6484.0,6325.0,6413.0,176631
2017-05-04,6412.0,6587.0,6412.0,6557.0,188105
2017-05-08,6587.0,7239.0,6484.0,6827.0,805737
2017-05-10,6850.0,6873.0,6635.0,6811.0,243972
2017-05-11,6809.0,6937.0,6667.0,6691.0,260641
2017-05-12,6667.0,6722.0,6532.0,6596.0,169239
2017-05-15,6571.0,6985.0,6499.0,6811.0,355247
2017-05-16,6873.0,6929.0,6762.0,6787.0,242461
2017-05-17,6842.0,6865.0,6730.0,6779.0,177799
2017-05-18,6706.0,6722.0,6579.0,6636.0,213601
2017-05-19,6603.0,6842.0,6603.0,6795.0,155799
2017-05-22,6842.0,6865.0,6714.0,6763.0,100220
2017-05-23,6739.0,6858.0,6699.0,6811.0,110620
2017-05-24,6809.0,6906.0,6714.0,6723.0,127524
2017-05-25,6722.0,6961.0,6658.0,6763.0,238134
2017-05-26,6762.0,7080.0,6739.0,6803.0,330281
2017-05-29,6802.0,6945.0,6683.0,6882.0,240936
2017-05-30,6842.0,6906.0,6786.0,6851.0,128933
2017-05-31,6842.0,7049.0,6770.0,6954.0,285770
2017-06-01,6945.0,7231.0,6881.0,6978.0,453715
2017-06-02,7017.0,7239.0,6985.0,7241.0,423131
2017-06-05,7224.0,7423.0,7184.0,7368.0,463635
2017-06-07,7208.0,7208.0,6850.0,6882.0,620476
2017-06-08,6818.0,7080.0,6699.0,6851.0,335016
2017-06-09,6850.0,6961.0,6809.0,6834.0,143163
2017-06-12,6834.0,6906.0,6699.0,6708.0,167754
2017-06-13,6683.0,6754.0,6571.0,6588.0,196256
2017-06-14,6658.0,6722.0,6587.0,6636.0,94817
2017-06-15,6627.0,6667.0,6524.0,6524.0,126269
2017-06-16,6595.0,6890.0,6468.0,6747.0,302791
2017-06-19,6699.0,6865.0,6699.0,6851.0,137969
2017-06-20,6858.0,6858.0,6691.0,6716.0,132277
2017-06-21,6658.0,6786.0,6563.0,6564.0,106980
2017-06-22,6675.0,7239.0,6587.0,6882.0,527600
2017-06-23,6977.0,8831.0,6977.0,8196.0,10849912
2017-06-26,8393.0,9587.0,8353.0,8752.0,6035698
2017-06-27,9029.0,9627.0,8593.0,8991.0,2477577
2017-06-28,8831.0,9825.0,8672.0,9786.0,3023572
2017-06-29,10144.0,10342.0,9189.0,9786.0,2194769
2017-06-30,9627.0,10263.0,9547.0,9986.0,1533945
2017-07-03,9984.0,10263.0,9110.0,9150.0,1119751
2017-07-04,9348.0,9507.0,8831.0,9071.0,1451583
2017-07-05,9229.0,10183.0,9189.0,9309.0,2889812
2017-07-06,9388.0,9428.0,8950.0,9190.0,625002
2017-07-07,9029.0,9149.0,8552.0,8593.0,808044
2017-07-10,8593.0,8831.0,8473.0,8752.0,531111
2017-07-11,8752.0,9070.0,8552.0,9031.0,623382
2017-07-12,8990.0,9070.0,8593.0,8673.0,446100
2017-07-13,8791.0,8990.0,8711.0,8832.0,494650
2017-07-14,8870.0,9308.0,8593.0,9309.0,1263024
2017-07-17,9229.0,9627.0,9149.0,9349.0,917738
2017-07-18,9428.0,9507.0,9229.0,9230.0,533157
2017-07-19,9229.0,9269.0,8752.0,8752.0,664997
2017-07-20,8752.0,8831.0,8552.0,8633.0,406340
2017-07-21,8552.0,8632.0,8234.0,8514.0,583751
2017-07-24,8433.0,8672.0,8314.0,8394.0,379360
2017-07-25,8433.0,8552.0,8314.0,8394.0,206800
2017-07-26,8433.0,8473.0,7940.0,7940.0,603260
2017-07-27,7876.0,7996.0,7709.0,7805.0,352558
2017-07-28,7741.0,7797.0,7264.0,7264.0,571404
2017-07-31,7113.0,7390.0,6961.0,7392.0,341096
2017-08-01,7335.0,7590.0,7295.0,7359.0,275771
2017-08-02,7398.0,7948.0,7398.0,7630.0,528412
2017-08-03,7630.0,7860.0,7398.0,7710.0,320172
2017-08-04,7789.0,8314.0,7764.0,8275.0,886358
2017-08-07,8632.0,8632.0,8234.0,8314.0,468649
2017-08-08,8274.0,8473.0,7996.0,8235.0,348676
2017-08-09,8194.0,8314.0,7932.0,7933.0,371301
2017-08-10,7805.0,7996.0,7502.0,7559.0,386903
2017-08-11,7502.0,7693.0,7359.0,7359.0,207075
2017-08-14,7407.0,7462.0,7152.0,7233.0,196456
2017-08-16,7295.0,8115.0,7295.0,8076.0,566080
2017-08-17,8075.0,8075.0,7836.0,7885.0,230761
2017-08-18,7884.0,7940.0,7693.0,7766.0,210587
2017-08-21,7805.0,8353.0,7805.0,8235.0,513465
2017-08-22,8274.0,8552.0,8075.0,8155.0,366672
2017-08-23,8274.0,8353.0,7884.0,7885.0,269113
2017-08-24,7892.0,8353.0,7884.0,8235.0,351303
2017-08-25,8314.0,8512.0,8075.0,8076.0,405239
2017-08-28,8194.0,8274.0,8075.0,8116.0,249930
2017-08-29,8075.0,8274.0,7956.0,8155.0,284758
2017-08-30,8155.0,8274.0,8075.0,8116.0,217551
2017-08-31,8155.0,8274.0,8035.0,8116.0,219945
2017-09-01,8155.0,8234.0,7940.0,8037.0,214855
2017-09-04,7717.0,7900.0,7677.0,7750.0,213483
2017-09-05,7797.0,7868.0,7685.0,7718.0,150762
2017-09-06,7669.0,7789.0,7549.0,7567.0,143050
2017-09-07,7566.0,7844.0,7542.0,7750.0,205755
2017-09-08,7749.0,7812.0,7566.0,7567.0,110525
2017-09-11,7574.0,7709.0,7479.0,7535.0,136839
2017-09-12,7613.0,7741.0,7446.0,7551.0,140112
2017-09-13,7549.0,7549.0,7351.0,7359.0,211002
2017-09-14,7272.0,7398.0,7160.0,7297.0,278979
2017-09-15,7216.0,7367.0,7128.0,7185.0,233008
2017-09-18,7160.0,8711.0,7144.0,8116.0,3511514
2017-09-19,7996.0,8035.0,7638.0,7789.0,803145
2017-09-20,7749.0,7820.0,7303.0,7320.0,485137
2017-09-21,7335.0,7590.0,7247.0,7256.0,268106
2017-09-22,7231.0,7398.0,7184.0,7216.0,186292
2017-09-25,7224.0,7287.0,6842.0,6851.0,325526
2017-09-26,6683.0,6953.0,6658.0,6779.0,211318
2017-09-27,6786.0,7080.0,6786.0,6842.0,138190
2017-09-28,6834.0,6953.0,6778.0,6819.0,96564
2017-09-29,6571.0,6739.0,5012.0,5291.0,2906775
2017-10-10,5242.0,5426.0,4256.0,4265.0,2033098
2017-10-11,4335.0,4527.0,4312.0,4376.0,1346291
2017-10-12,4391.0,4438.0,4041.0,4105.0,817851
2017-10-13,4256.0,4415.0,4144.0,4186.0,1064610
2017-10-16,4184.0,4232.0,3974.0,4002.0,417243
2017-10-17,3993.0,4972.0,3977.0,4703.0,4872520
2017-10-18,4773.0,4781.0,4383.0,4440.0,883213
2017-10-19,4399.0,4678.0,4335.0,4511.0,743988
2017-10-20,4502.0,4749.0,4494.0,4551.0,678250
2017-10-23,4582.0,4853.0,4479.0,4678.0,782546
2017-10-24,4717.0,4733.0,4630.0,4694.0,221171
2017-10-25,4733.0,5131.0,4686.0,4845.0,1088324
2017-10-26,4901.0,5155.0,4853.0,4973.0,815520
2017-10-27,5036.0,5171.0,4972.0,5092.0,432262
2017-10-30,5234.0,5529.0,5203.0,5379.0,941936
2017-10-31,5354.0,5457.0,5211.0,5339.0,378696
2017-11-01,5314.0,5370.0,5099.0,5180.0,316943
2017-11-02,5187.0,5401.0,5147.0,5315.0,226176
2017-11-03,5401.0,5457.0,5155.0,5180.0,217397
2017-11-06,5139.0,5282.0,5115.0,5164.0,171178
2017-11-07,5171.0,5688.0,5171.0,5689.0,717992
2017-11-08,5847.0,6205.0,5688.0,5968.0,1546816
2017-11-09,6038.0,6038.0,5728.0,5761.0,437500
2017-11-10,5807.0,6102.0,5807.0,5840.0,380796
2017-11-13,5831.0,6046.0,5807.0,5928.0,335881
2017-11-14,5966.0,6222.0,5927.0,6135.0,459461
2017-11-15,6205.0,6317.0,5982.0,6143.0,434535
2017-11-16,6213.0,6284.0,6046.0,6127.0,266960
2017-11-17,6166.0,6189.0,6054.0,6119.0,202608
2017-11-20,6110.0,6222.0,6070.0,6111.0,191859
2017-11-21,6110.0,6166.0,5911.0,5928.0,273498
2017-11-22,5966.0,5982.0,5696.0,5697.0,278640
2017-11-23,5784.0,6237.0,5776.0,6087.0,542023
2017-11-24,6166.0,6166.0,5863.0,5888.0,280427
2017-11-27,5895.0,5990.0,5776.0,5808.0,198095
2017-11-28,5784.0,5887.0,5393.0,5513.0,419817
2017-11-29,5513.0,5712.0,5457.0,5641.0,232515
2017-11-30,5641.0,5759.0,5433.0,5451.0,190230
2017-12-01,5433.0,5529.0,5418.0,5498.0,125888
2017-12-04,5497.0,5529.0,5290.0,5291.0,174127
2017-12-05,5267.0,5418.0,5211.0,5339.0,152336
2017-12-06,5410.0,5410.0,5171.0,5219.0,166762
2017-12-07,5219.0,5250.0,4845.0,4909.0,349305
2017-12-08,4956.0,5012.0,4853.0,4885.0,109498
2017-12-11,4884.0,5115.0,4789.0,5116.0,106185
2017-12-12,5099.0,5322.0,5027.0,5100.0,113773
2017-12-13,5060.0,5187.0,5019.0,5100.0,72189
2017-12-14,5115.0,5282.0,5027.0,5164.0,151856
2017-12-15,5203.0,5314.0,5091.0,5307.0,134421
2017-12-18,5393.0,5433.0,5203.0,5219.0,175892
2017-12-19,5155.0,5226.0,4781.0,4949.0,157863
2017-12-20,5004.0,5091.0,4630.0,4631.0,159019
2017-12-21,4694.0,4884.0,4670.0,4870.0,147768
2017-12-22,4789.0,4980.0,4717.0,4981.0,146099
2017-12-26,4972.0,5123.0,4956.0,5060.0,137839
2017-12-27,4988.0,5075.0,4916.0,5036.0,84425
2017-12-28,5067.0,5099.0,4948.0,5013.0,75609
2018-01-02,5012.0,5226.0,4924.0,5219.0,137421
2018-01-03,5234.0,5410.0,5123.0,5140.0,268748
2018-01-04,5139.0,5139.0,4916.0,4933.0,181650
2018-01-05,4916.0,4980.0,4845.0,4877.0,120885
2018-01-08,4853.0,4884.0,4686.0,4711.0,303380
2018-01-09,4733.0,4765.0,4574.0,4686.0,212996
2018-01-10,4694.0,4868.0,4645.0,4806.0,206988
2018-01-11,4781.0,4860.0,4686.0,4774.0,156451
2018-01-12,4742.0,4797.0,4661.0,4670.0,178291
2018-01-15,4653.0,4742.0,4558.0,4615.0,197231
2018-01-16,4598.0,4765.0,4598.0,4734.0,141809
2018-01-17,4701.0,5131.0,4653.0,4965.0,486340
2018-01-18,4988.0,5250.0,4972.0,5068.0,355194
2018-01-19,5083.0,5203.0,5052.0,5124.0,226989
2018-01-22,5171.0,5267.0,5067.0,5180.0,177042
2018-01-23,5226.0,5226.0,5091.0,5100.0,112049
2018-01-24,5099.0,5099.0,4932.0,4965.0,167419
2018-01-25,4916.0,5648.0,4908.0,5530.0,1182384
2018-01-26,5577.0,5688.0,5449.0,5689.0,434218
2018-01-29,5759.0,5767.0,5569.0,5610.0,247162
2018-01-30,5569.0,5664.0,5426.0,5610.0,369559
2018-01-31,5608.0,5608.0,5441.0,5522.0,228390
2018-02-01,5521.0,5720.0,5489.0,5633.0,218556
2018-02-02,5688.0,5688.0,5433.0,5554.0,242393
2018-02-05,5553.0,5561.0,5282.0,5283.0,280520
2018-02-06,5060.0,5155.0,4821.0,5092.0,365033
2018-02-07,5131.0,5473.0,5131.0,5251.0,349522
2018-02-08,5378.0,5903.0,5306.0,5904.0,1428279
2018-02-09,5823.0,6038.0,5664.0,5697.0,832662
2018-02-12,5641.0,5784.0,5393.0,5395.0,539216
2018-02-13,5441.0,5489.0,5147.0,5156.0,286700
2018-02-14,5163.0,5274.0,5099.0,5211.0,172401
2018-02-19,5226.0,5569.0,5211.0,5451.0,245163
2018-02-20,5457.0,5616.0,5330.0,5339.0,191988
2018-02-21,5314.0,5497.0,5298.0,5395.0,134440
2018-02-22,5346.0,5433.0,5267.0,5434.0,124725
2018-02-23,5433.0,5537.0,5433.0,5498.0,138670
2018-02-26,5497.0,5776.0,5473.0,5681.0,555453
2018-02-27,6110.0,6118.0,5688.0,5753.0,1168222
2018-02-28,5664.0,5959.0,5664.0,5800.0,502345
2018-03-02,5767.0,5767.0,5482.0,5498.0,299327
2018-03-05,5426.0,5457.0,5171.0,5219.0,330465
2018-03-06,5155.0,5362.0,5012.0,5354.0,250950
2018-03-07,5378.0,5807.0,5370.0,5418.0,429002
2018-03-08,5418.0,5433.0,5163.0,5331.0,156189
2018-03-09,5410.0,5696.0,5330.0,5666.0,324767
2018-03-12,5688.0,5784.0,5585.0,5784.0,219585
2018-03-13,5815.0,5855.0,5688.0,5784.0,227362
2018-03-14,5736.0,5784.0,5592.0,5745.0,185946
2018-03-15,5744.0,5792.0,5529.0,5554.0,215466
2018-03-16,5641.0,5648.0,5457.0,5490.0,137946
2018-03-19,5521.0,5887.0,5473.0,5808.0,713309
2018-03-20,5815.0,5831.0,5577.0,5641.0,441811
2018-03-21,5633.0,5815.0,5569.0,5649.0,317891
2018-03-22,5672.0,5728.0,5497.0,5498.0,260538
2018-03-23,5330.0,5544.0,5250.0,5315.0,279017
2018-03-26,5314.0,5489.0,5123.0,5490.0,267538
2018-03-27,5489.0,5497.0,5385.0,5418.0,170329
2018-03-28,5362.0,5401.0,5267.0,5323.0,171819
2018-03-29,5330.0,5473.0,5282.0,5474.0,168245
2018-03-30,5473.0,5633.0,5433.0,5554.0,200819
2018-04-02,5544.0,5624.0,5362.0,5434.0,193352
2018-04-03,5449.0,5497.0,5330.0,5498.0,214691
2018-04-04,5473.0,5537.0,5338.0,5339.0,182324
2018-04-05,5410.0,5473.0,5298.0,5307.0,207073
2018-04-06,5314.0,5322.0,4988.0,5132.0,286529
2018-04-09,5131.0,5163.0,5012.0,5108.0,126861
2018-04-10,5091.0,5099.0,4893.0,4949.0,265705
2018-04-11,4948.0,5027.0,4876.0,4917.0,206842
2018-04-12,4924.0,4980.0,4868.0,4981.0,176393
2018-04-13,4980.0,4980.0,4876.0,4917.0,161111
2018-04-16,4901.0,4916.0,4804.0,4806.0,203904
2018-04-17,4813.0,4932.0,4813.0,4893.0,148108
2018-04-18,4916.0,4996.0,4884.0,4901.0,134834
2018-04-19,4908.0,6364.0,4908.0,6278.0,2825328
2018-04-20,6762.0,8155.0,5807.0,7359.0,14581453
2018-04-23,7844.0,8234.0,6858.0,7041.0,3887606
2018-04-24,7327.0,7327.0,6595.0,6875.0,1554561
2018-04-25,6699.0,6953.0,6293.0,6532.0,1275169
2018-04-26,6516.0,6818.0,6468.0,6501.0,1011799
2018-04-27,6499.0,6739.0,6277.0,6683.0,891881
2018-04-30,6873.0,8433.0,6747.0,7845.0,5737305
2018-05-02,8155.0,8433.0,7423.0,7638.0,2561485
2018-05-03,7685.0,8075.0,7319.0,7607.0,1464644
2018-05-04,7638.0,8393.0,7526.0,8355.0,2189315
2018-05-08,8075.0,8950.0,7621.0,7678.0,2231804
2018-05-09,7820.0,7956.0,7200.0,7630.0,1022109
2018-05-10,7932.0,8234.0,7558.0,7646.0,869304
2018-05-11,7725.0,8512.0,7685.0,8275.0,2942340
2018-05-14,8433.0,9110.0,8115.0,8473.0,2624132
2018-05-15,8393.0,8911.0,8115.0,8593.0,1237437
2018-05-16,7741.0,8314.0,7518.0,7670.0,1457676
2018-05-17,7646.0,8115.0,7574.0,7750.0,978000
2018-05-18,7669.0,7924.0,7621.0,7837.0,546683
2018-05-21,7820.0,7900.0,7605.0,7662.0,404445
2018-05-23,7661.0,7717.0,7216.0,7304.0,648061
2018-05-24,7398.0,7597.0,6929.0,6986.0,631634
2018-05-25,5966.0,6444.0,5815.0,6119.0,1228702
2018-05-28,7057.0,7844.0,7049.0,7654.0,1626014
2018-05-29,7574.0,7630.0,7208.0,7208.0,723167
2018-05-30,7208.0,7343.0,6921.0,7105.0,454661
2018-05-31,7176.0,7487.0,7049.0,7113.0,527908
2018-06-01,7136.0,7247.0,6699.0,6842.0,474247
2018-06-04,7009.0,7096.0,6571.0,6675.0,326904
2018-06-05,6643.0,7264.0,6476.0,7193.0,722475
2018-06-07,7407.0,7454.0,7128.0,7129.0,533961
2018-06-08,7136.0,7558.0,7104.0,7439.0,1031543
2018-06-11,7494.0,8155.0,7407.0,7805.0,1571053
2018-06-12,7860.0,7996.0,7200.0,7535.0,867059
2018-06-14,7446.0,7462.0,6269.0,6270.0,1430027
2018-06-15,6277.0,6547.0,6205.0,6365.0,671223
2018-06-18,6364.0,6770.0,6284.0,6357.0,444915
2018-06-19,6356.0,6555.0,5935.0,5935.0,421137
2018-06-20,5807.0,5935.0,5553.0,5825.0,708948
2018-06-21,5767.0,5823.0,5482.0,5506.0,365887
2018-06-22,5505.0,5759.0,5322.0,5649.0,389551
2018-06-25,5656.0,5784.0,5561.0,5641.0,184212
2018-06-26,5529.0,5712.0,5529.0,5585.0,170468
2018-06-27,5553.0,5616.0,5314.0,5315.0,328794
2018-06-28,5282.0,5441.0,5171.0,5172.0,152350
2018-06-29,5211.0,5465.0,5187.0,5354.0,195499
2018-07-02,5441.0,5441.0,4988.0,4988.0,235823
2018-07-03,5012.0,5203.0,4893.0,5077.0,191094
2018-07-04,5099.0,5298.0,5060.0,5164.0,127146
2018-07-05,5163.0,5219.0,4924.0,5021.0,106668
2018-07-06,4996.0,5219.0,4940.0,5211.0,111453
2018-07-09,5123.0,5123.0,4916.0,4965.0,140083
2018-07-10,4972.0,5219.0,4972.0,5132.0,101147
2018-07-11,5147.0,5267.0,5075.0,5211.0,122351
2018-07-12,5211.0,5290.0,5107.0,5180.0,89342
2018-07-13,5178.0,5354.0,5178.0,5307.0,83531
2018-07-16,5378.0,5378.0,5147.0,5203.0,121478
2018-07-17,5211.0,5267.0,5091.0,5108.0,93398
2018-07-18,5131.0,5147.0,4932.0,4933.0,134583
2018-07-19,4901.0,5099.0,4868.0,4877.0,116351
2018-07-20,4845.0,5012.0,4829.0,4870.0,64373
2018-07-23,4829.0,4876.0,4670.0,4670.0,128136
2018-07-24,4614.0,5012.0,4614.0,4933.0,110767
2018-07-25,4964.0,5012.0,4773.0,4814.0,111405
2018-07-26,4773.0,5242.0,4773.0,5116.0,228340
2018-07-27,5036.0,5178.0,5012.0,5132.0,87828
2018-07-30,5131.0,5282.0,5131.0,5228.0,115833
2018-07-31,5259.0,5282.0,4996.0,5052.0,107257
2018-08-01,5019.0,5242.0,5019.0,5172.0,93154
2018-08-02,5171.0,5290.0,5099.0,5172.0,66457
2018-08-03,5195.0,5338.0,5171.0,5228.0,92547
2018-08-06,5226.0,5298.0,5147.0,5251.0,83986
2018-08-07,5290.0,5290.0,5131.0,5195.0,64366
2018-08-08,5211.0,5759.0,5155.0,5387.0,1085650
2018-08-09,5306.0,5449.0,5298.0,5323.0,101099
2018-08-10,5473.0,5648.0,5346.0,5410.0,224420
2018-08-13,5393.0,5608.0,5044.0,5116.0,221649
2018-08-14,5083.0,5362.0,5083.0,5362.0,85875
2018-08-16,5465.0,5569.0,5250.0,5434.0,107433
2018-08-17,5489.0,5616.0,5473.0,5546.0,121209
2018-08-20,5569.0,5641.0,5465.0,5474.0,82093
2018-08-21,5473.0,5592.0,5473.0,5522.0,100954
2018-08-22,5592.0,5600.0,5441.0,5554.0,60621
2018-08-23,5505.0,5728.0,5505.0,5577.0,177614
2018-08-24,5544.0,5641.0,5529.0,5602.0,88270
2018-08-27,5410.0,5426.0,5178.0,5299.0,167656
2018-08-28,5274.0,5362.0,5203.0,5244.0,122267
2018-08-29,5211.0,5267.0,5155.0,5156.0,84876
2018-08-30,5171.0,5330.0,5171.0,5228.0,65226
2018-08-31,5171.0,5219.0,5052.0,5140.0,84429
2018-09-03,5211.0,5234.0,5139.0,5172.0,64444
2018-09-04,5155.0,5298.0,5155.0,5251.0,72079
2018-09-05,5298.0,5370.0,5226.0,5291.0,93504
2018-09-06,5314.0,5505.0,5250.0,5354.0,189189
2018-09-07,5401.0,5616.0,5346.0,5482.0,249761
2018-09-10,5537.0,5633.0,5401.0,5617.0,282861
2018-09-11,5712.0,5728.0,5521.0,5546.0,227172
2018-09-12,5553.0,5728.0,5393.0,5649.0,410685
2018-09-13,5641.0,5744.0,5569.0,5689.0,242756
2018-09-14,5648.0,5776.0,5513.0,5633.0,219166
2018-09-17,5688.0,5966.0,5553.0,5562.0,873345
2018-09-18,5561.0,5672.0,5393.0,5395.0,396756
2018-09-19,5393.0,5927.0,5330.0,5705.0,816058
2018-09-20,5704.0,5959.0,5385.0,5426.0,480576
2018-09-21,5441.0,5728.0,5393.0,5697.0,282354
2018-09-27,5728.0,5728.0,5608.0,5649.0,154071
2018-09-28,5608.0,5664.0,5497.0,5530.0,174179
2018-10-01,5561.0,5577.0,5465.0,5498.0,105868
2018-10-02,5497.0,5505.0,5306.0,5331.0,142613
2018-10-04,5401.0,5505.0,5250.0,5267.0,140169
2018-10-05,5242.0,5267.0,5019.0,5116.0,173181
2018-10-08,5027.0,5115.0,5027.0,5052.0,67791
2018-10-10,4988.0,5075.0,4614.0,4663.0,346518
2018-10-11,4455.0,4535.0,4304.0,4376.0,202781
2018-10-12,4279.0,4502.0,4279.0,4440.0,142245
2018-10-15,4438.0,4566.0,4359.0,4360.0,83162
2018-10-16,4407.0,5370.0,4368.0,4798.0,2233990
2018-10-17,4860.0,4932.0,4725.0,4870.0,343593
2018-10-18,4893.0,4948.0,4797.0,4814.0,169688
2018-10-19,4742.0,4813.0,4686.0,4718.0,182481
2018-10-22,4694.0,4694.0,4590.0,4647.0,116264
2018-10-23,4645.0,4742.0,4463.0,4488.0,106976
2018-10-24,4463.0,4574.0,4351.0,4384.0,127531
2018-10-25,4216.0,4376.0,4168.0,4217.0,164348
2018-10-26,4216.0,4272.0,3938.0,4002.0,215441
2018-10-29,3938.0,4073.0,3556.0,3684.0,324698
2018-10-30,3444.0,3795.0,3341.0,3795.0,548470
2018-10-31,3795.0,3842.0,3719.0,3820.0,136036
2018-11-01,3802.0,4049.0,3802.0,3986.0,195043
2018-11-02,3985.0,4296.0,3985.0,4297.0,228502
2018-11-05,4296.0,4431.0,4200.0,4408.0,144391
2018-11-06,4423.0,4527.0,4279.0,4392.0,166039
2018-11-07,4486.0,4535.0,4065.0,4233.0,181640
2018-11-08,4359.0,4399.0,4240.0,4304.0,80162
2018-11-09,4327.0,4327.0,4192.0,4233.0,57229
2018-11-12,4455.0,4893.0,4232.0,4256.0,1143424
2018-11-13,4136.0,4224.0,4057.0,4193.0,137426
2018-11-14,4192.0,4272.0,4144.0,4145.0,81882
2018-11-15,4081.0,4208.0,4081.0,4186.0,76949
2018-11-16,4161.0,4694.0,4144.0,4639.0,894027
2018-11-19,4645.0,4773.0,4471.0,4543.0,502162
2018-11-20,4399.0,4868.0,4399.0,4798.0,786237
2018-11-21,4717.0,4804.0,4653.0,4663.0,237614
2018-11-22,4670.0,4717.0,4535.0,4551.0,146025
2018-11-23,4550.0,4661.0,4415.0,4440.0,122505
2018-11-26,4502.0,4566.0,4376.0,4448.0,107551
2018-11-27,4447.0,4678.0,4431.0,4543.0,138186
2018-11-28,4550.0,4574.0,4415.0,4463.0,172299
2018-11-29,4510.0,4535.0,4351.0,4352.0,134192
2018-11-30,4320.0,4431.0,4216.0,4273.0,207575
2018-12-03,5131.0,5330.0,4614.0,4615.0,1771202
2018-12-04,4653.0,4893.0,4622.0,4862.0,523017
2018-12-05,4733.0,5115.0,4725.0,5044.0,958457
2018-12-06,5004.0,5019.0,4717.0,4734.0,355740
2018-12-07,4829.0,5250.0,4742.0,5013.0,1068707
2018-12-10,4884.0,4916.0,4773.0,4845.0,281376
2018-12-11,4884.0,4884.0,4645.0,4647.0,213460
2018-12-12,4645.0,4725.0,4519.0,4535.0,140331
2018-12-13,4535.0,4670.0,4535.0,4599.0,84555
2018-12-14,4678.0,4725.0,4494.0,4726.0,111501
2018-12-17,4614.0,4709.0,4558.0,4711.0,100571
2018-12-18,4686.0,4757.0,4614.0,4742.0,141270
2018-12-19,4742.0,4893.0,4622.0,4686.0,180576
2018-12-20,4653.0,4860.0,4622.0,4742.0,132685
2018-12-21,4781.0,4868.0,4622.0,4663.0,183358
2018-12-24,4717.0,4765.0,4598.0,4615.0,86993
2018-12-26,4550.0,4566.0,4296.0,4432.0,123039
2018-12-27,4455.0,4582.0,4455.0,4535.0,83454
2018-12-28,4535.0,4598.0,4486.0,4519.0,50771
2019-01-02,4614.0,4678.0,4431.0,4463.0,104978
2019-01-03,4463.0,4527.0,4176.0,4233.0,349647
2019-01-04,4097.0,4248.0,4057.0,4217.0,159387
2019-01-07,4279.0,4359.0,4176.0,4273.0,131274
2019-01-08,4327.0,4391.0,4256.0,4337.0,136310
2019-01-09,4327.0,4391.0,4304.0,4352.0,104104
2019-01-10,4423.0,4542.0,4359.0,4384.0,138091
2019-01-11,4447.0,4463.0,4351.0,4456.0,105911
2019-01-14,4606.0,4821.0,4486.0,4615.0,498800
2019-01-15,4653.0,4678.0,4519.0,4583.0,174646
2019-01-16,4653.0,5211.0,4598.0,4941.0,2092914
2019-01-17,4964.0,5075.0,4853.0,5029.0,533698
2019-01-18,5004.0,5147.0,4901.0,5044.0,433873
2019-01-21,5067.0,5067.0,4908.0,4926.0,213636
2019-01-22,4980.0,5027.0,4876.0,4949.0,226449
2019-01-23,4916.0,5091.0,4916.0,5077.0,241753
2019-01-24,5147.0,5147.0,4884.0,4901.0,276825
2019-01-25,4908.0,4940.0,4813.0,4893.0,150586
2019-01-28,4901.0,4924.0,4781.0,4862.0,155840
2019-01-29,4964.0,5075.0,4797.0,4837.0,455587
2019-01-30,4901.0,5187.0,4837.0,4981.0,802807
2019-01-31,5012.0,5075.0,4932.0,5060.0,238365
2019-02-01,5123.0,5219.0,4972.0,5140.0,530989
2019-02-07,5259.0,5259.0,4980.0,5029.0,364861
2019-02-08,5004.0,5099.0,5004.0,5092.0,150797
2019-02-11,5123.0,5131.0,4988.0,5021.0,147615
2019-02-12,5019.0,5091.0,5004.0,5005.0,107202
2019-02-13,5036.0,5067.0,4876.0,4949.0,139452
2019-02-14,4948.0,4980.0,4837.0,4885.0,135616
2019-02-15,4916.0,4924.0,4813.0,4893.0,118421
2019-02-18,4924.0,4932.0,4821.0,4854.0,128728
2019-02-19,4860.0,4988.0,4853.0,4973.0,227322
2019-02-20,4956.0,5004.0,4853.0,4885.0,135629
2019-02-21,4924.0,4924.0,4797.0,4862.0,80570
2019-02-22,4868.0,4868.0,4797.0,4814.0,80469
2019-02-25,4829.0,5219.0,4765.0,4885.0,746925
2019-02-26,4916.0,5027.0,4884.0,4965.0,177010
2019-02-27,4972.0,5004.0,4932.0,4965.0,120173
2019-02-28,4964.0,5012.0,4455.0,4519.0,400342
2019-03-04,4335.0,4566.0,4335.0,4416.0,198856
2019-03-05,4447.0,5171.0,4447.0,4790.0,3361184
2019-03-06,4781.0,4781.0,4574.0,4583.0,341641
2019-03-07,4542.0,4638.0,4471.0,4488.0,185042
2019-03-08,4399.0,4519.0,4383.0,4440.0,117714
2019-03-11,4447.0,4519.0,4399.0,4463.0,75126
2019-03-12,4535.0,4606.0,4479.0,4583.0,81606
2019-03-13,4686.0,4701.0,4542.0,4583.0,200607
2019-03-14,4590.0,5012.0,4590.0,4996.0,1250801
2019-03-15,4972.0,5091.0,4773.0,5036.0,1025750
2019-03-18,5147.0,5155.0,4876.0,4909.0,594842
2019-03-19,4893.0,4972.0,4773.0,4917.0,301299
2019-03-20,4876.0,4932.0,4789.0,4854.0,139588
2019-03-21,4924.0,4956.0,4789.0,4790.0,165498
2019-03-22,4789.0,4813.0,4678.0,4798.0,164067
2019-03-25,4813.0,4813.0,4606.0,4607.0,161618
2019-03-26,4574.0,4661.0,4535.0,4535.0,130350
2019-03-27,4542.0,4630.0,4494.0,4511.0,93932
2019-03-28,4471.0,4590.0,4471.0,4519.0,73869
2019-03-29,4502.0,4678.0,4463.0,4647.0,109478
2019-04-01,4630.0,4717.0,4630.0,4670.0,72463
2019-04-02,4701.0,4813.0,4638.0,4814.0,160977
2019-04-03,4813.0,4821.0,4709.0,4734.0,110257
2019-04-04,4686.0,4797.0,4638.0,4694.0,83456
2019-04-05,4765.0,4773.0,4670.0,4694.0,101535
2019-04-08,4725.0,4749.0,4670.0,4711.0,56366
2019-04-09,4757.0,4757.0,4566.0,4670.0,50850
2019-04-10,4670.0,4709.0,4614.0,4686.0,68285
2019-04-11,4725.0,4725.0,4638.0,4694.0,62793
2019-04-12,4701.0,4701.0,4630.0,4686.0,62433
2019-04-15,4661.0,4678.0,4574.0,4599.0,122585
2019-04-16,4598.0,4606.0,4502.0,4543.0,101864
2019-04-17,4510.0,4590.0,4502.0,4535.0,68473
2019-04-18,4494.0,4550.0,4455.0,4471.0,94309
2019-04-19,4471.0,4510.0,4438.0,4448.0,66849
2019-04-22,4479.0,4527.0,4463.0,4480.0,57346
2019-04-23,4494.0,4527.0,4431.0,4463.0,73582
2019-04-24,4510.0,4510.0,4407.0,4432.0,44133
2019-04-25,4486.0,4486.0,4359.0,4376.0,85315
2019-04-26,4359.0,4438.0,4335.0,4368.0,68626
2019-04-29,4351.0,4376.0,4304.0,4320.0,57838
2019-04-30,4224.0,4471.0,4208.0,4408.0,73747
2019-05-02,4343.0,4438.0,4343.0,4392.0,51626
2019-05-03,4383.0,4383.0,4296.0,4297.0,78401
2019-05-07,4208.0,4279.0,4208.0,4248.0,51592
2019-05-08,4208.0,4320.0,4208.0,4248.0,50287
2019-05-09,4216.0,4264.0,4065.0,4089.0,129861
2019-05-10,4057.0,4128.0,3977.0,4002.0,127523
2019-05-13,3954.0,4073.0,3898.0,3974.0,92896
2019-05-14,3882.0,4002.0,3882.0,3954.0,61342
2019-05-15,3938.0,4097.0,3913.0,4097.0,54309
2019-05-16,4057.0,4105.0,3961.0,3974.0,55525
2019-05-17,3977.0,4033.0,3941.0,3946.0,50034
2019-05-20,3966.0,4009.0,3818.0,3823.0,82261
2019-05-21,3698.0,3842.0,3698.0,3756.0,106136
2019-05-22,3774.0,3790.0,3739.0,3751.0,34011
2019-05-23,3715.0,3747.0,3619.0,3704.0,124714
2019-05-24,3993.0,4208.0,3838.0,3891.0,736289
2019-05-27,3842.0,3974.0,3823.0,3851.0,85640
2019-05-28,3806.0,4002.0,3806.0,3958.0,131143
2019-05-29,3918.0,3954.0,3866.0,3882.0,75096
2019-05-30,3858.0,3985.0,3858.0,3899.0,69092
2019-05-31,3894.0,3957.0,3882.0,3930.0,65812
2019-06-03,3885.0,3957.0,3874.0,3903.0,58584
2019-06-04,3902.0,4081.0,3902.0,3979.0,162428
2019-06-05,3946.0,4017.0,3946.0,3994.0,54221
2019-06-07,3985.0,4017.0,3949.0,3979.0,40445
2019-06-10,4002.0,4049.0,3969.0,3986.0,61358
2019-06-11,4009.0,4105.0,3993.0,4074.0,69390
2019-06-12,4097.0,4144.0,4033.0,4097.0,68486
2019-06-13,4097.0,4128.0,4065.0,4114.0,46977
2019-06-14,4113.0,4128.0,4065.0,4097.0,33193
2019-06-17,4136.0,4161.0,4033.0,4097.0,89143
2019-06-18,4089.0,4161.0,4041.0,4122.0,54049
2019-06-19,4097.0,4200.0,4097.0,4105.0,104393
2019-06-20,4120.0,4144.0,4081.0,4114.0,53077
2019-06-21,4120.0,4168.0,4057.0,4130.0,41797
2019-06-24,4113.0,4168.0,4089.0,4130.0,74112
2019-06-25,4097.0,4120.0,4041.0,4074.0,61175
2019-06-26,4081.0,4081.0,4002.0,4034.0,74536
2019-06-27,4017.0,4113.0,4017.0,4050.0,60893
2019-06-28,4073.0,4089.0,3977.0,4018.0,43905
2019-07-01,4041.0,4097.0,4002.0,4066.0,49910
2019-07-02,4017.0,4105.0,4017.0,4066.0,36407
2019-07-03,4041.0,4089.0,4017.0,4089.0,34412
2019-07-04,4041.0,4057.0,3954.0,3986.0,50305
2019-07-05,3882.0,4009.0,3882.0,3974.0,39451
2019-07-08,3977.0,3977.0,3798.0,3799.0,59054
2019-07-09,3743.0,3826.0,3719.0,3756.0,61789
2019-07-10,3726.0,3885.0,3698.0,3811.0,77971
2019-07-11,3762.0,3890.0,3762.0,3815.0,44101
2019-07-12,3830.0,3969.0,3815.0,3951.0,44678
2019-07-15,3949.0,3977.0,3902.0,3963.0,49616
2019-07-16,3910.0,3969.0,3858.0,3946.0,47235
2019-07-17,3882.0,3946.0,3870.0,3882.0,45771
2019-07-18,3798.0,3961.0,3754.0,3915.0,57846
2019-07-19,3898.0,4065.0,3898.0,3903.0,40988
2019-07-22,3902.0,3941.0,3838.0,3943.0,16513
2019-07-23,3946.0,4033.0,3913.0,3946.0,54615
2019-07-24,3913.0,3993.0,3862.0,3899.0,42730
2019-07-25,3898.0,3898.0,3762.0,3863.0,41104
2019-07-26,3878.0,3878.0,3500.0,3787.0,38905
2019-07-29,3683.0,3759.0,3520.0,3740.0,221723
2019-07-30,3532.0,3779.0,3532.0,3775.0,75035
2019-07-31,3774.0,3802.0,3643.0,3795.0,60302
2019-08-01,3675.0,3826.0,3675.0,3779.0,49083
2019-08-02,3663.0,3759.0,3663.0,3748.0,24779
2019-08-05,3687.0,3743.0,3432.0,3525.0,144789
2019-08-06,3170.0,3500.0,3170.0,3477.0,213545
2019-08-07,3388.0,3480.0,3388.0,3453.0,60888
2019-08-08,3468.0,3739.0,3432.0,3552.0,74259
2019-08-09,3552.0,3631.0,3516.0,3557.0,26687
2019-08-12,3575.0,3595.0,3476.0,3561.0,46460
2019-08-13,3520.0,3567.0,3480.0,3544.0,17976
2019-08-14,3564.0,3580.0,3500.0,3541.0,26079
2019-08-16,3539.0,3544.0,3460.0,3501.0,30424
2019-08-19,3436.0,3520.0,3421.0,3481.0,21746
2019-08-20,3480.0,3564.0,3421.0,3493.0,45181
2019-08-21,3492.0,3547.0,3488.0,3529.0,45582
2019-08-22,3580.0,3580.0,3504.0,3557.0,23524
2019-08-23,3575.0,3575.0,3492.0,3533.0,21373
2019-08-26,3524.0,3524.0,3416.0,3461.0,28868
2019-08-27,3393.0,3516.0,3393.0,3421.0,32492
2019-08-28,3440.0,3572.0,3413.0,3572.0,38288
2019-08-29,3580.0,3580.0,3492.0,3517.0,20465
2019-08-30,3500.0,3619.0,3500.0,3544.0,31783
2019-09-02,3544.0,3580.0,3508.0,3577.0,19638
2019-09-03,3539.0,3754.0,3536.0,3708.0,80254
2019-09-04,3739.0,3779.0,3659.0,3688.0,37121
2019-09-05,3707.0,3779.0,3628.0,3779.0,69779
2019-09-06,3731.0,3747.0,3698.0,3700.0,34340
2019-09-09,3628.0,3698.0,3583.0,3636.0,18111
2019-09-10,3619.0,3739.0,3600.0,3684.0,31502
2019-09-11,3628.0,3715.0,3628.0,3688.0,21798
2019-09-16,3687.0,3770.0,3687.0,3744.0,31771
2019-09-17,3667.0,3779.0,3667.0,3700.0,30377
2019-09-18,3671.0,3707.0,3671.0,3692.0,13449
2019-09-19,3711.0,3731.0,3636.0,3731.0,39976
2019-09-20,3655.0,3723.0,3639.0,3652.0,28905
2019-09-23,3726.0,3726.0,3643.0,3660.0,23353
2019-09-24,3667.0,3675.0,3643.0,3668.0,19616
2019-09-25,3651.0,3739.0,3595.0,3668.0,47649
2019-09-26,3667.0,3698.0,3588.0,3668.0,24241
2019-09-27,3663.0,3667.0,3524.0,3580.0,25061
2019-09-30,3580.0,3600.0,3496.0,3572.0,17648
2019-10-01,3580.0,3592.0,3424.0,3533.0,37934
2019-10-02,3532.0,3544.0,3460.0,3497.0,23897
2019-10-04,3492.0,3508.0,3413.0,3477.0,68962
2019-10-07,3464.0,3480.0,3309.0,3398.0,56718
2019-10-08,3416.0,3416.0,3341.0,3385.0,20458
2019-10-10,3404.0,3421.0,3305.0,3385.0,26125
2019-10-11,3404.0,3404.0,3317.0,3350.0,21502
2019-10-14,3369.0,3396.0,3321.0,3362.0,26312
2019-10-15,3360.0,3380.0,3337.0,3365.0,17371
2019-10-16,3360.0,3401.0,3333.0,3354.0,27426
2019-10-17,3365.0,3444.0,3329.0,3398.0,35278
2019-10-18,3401.0,3480.0,3396.0,3413.0,16748
2019-10-21,3424.0,3424.0,3317.0,3354.0,30258
2019-10-22,3365.0,3369.0,3325.0,3357.0,18508
2019-10-23,3345.0,3377.0,3317.0,3357.0,29937
2019-10-24,3317.0,3360.0,3262.0,3350.0,28990
2019-10-25,3349.0,3349.0,3270.0,3310.0,40490
2019-10-28,3309.0,3313.0,3229.0,3282.0,32594
2019-10-29,3281.0,3281.0,3237.0,3282.0,28459
2019-10-30,3270.0,3281.0,3206.0,3250.0,29273
2019-10-31,3242.0,3249.0,3198.0,3239.0,32518
2019-11-01,3221.0,3229.0,3178.0,3183.0,50716
2019-11-04,3198.0,3476.0,3178.0,3314.0,123021
2019-11-05,3317.0,3365.0,3309.0,3314.0,22550
2019-11-06,3305.0,3349.0,3265.0,3338.0,20320
2019-11-07,3357.0,3357.0,3265.0,3302.0,21368
2019-11-08,3301.0,3396.0,3253.0,3338.0,48761
2019-11-11,3341.0,3341.0,3281.0,3310.0,17160
2019-11-12,3309.0,3309.0,3226.0,3306.0,20914
2019-11-13,3321.0,3321.0,3281.0,3282.0,11886
2019-11-14,3301.0,3301.0,3209.0,3286.0,48742
2019-11-15,3285.0,3353.0,3277.0,3334.0,34195
2019-11-18,3345.0,3460.0,3341.0,3426.0,75489
2019-11-19,3421.0,3460.0,3404.0,3410.0,35933
2019-11-20,3444.0,3444.0,3178.0,3294.0,80938
2019-11-21,3293.0,3345.0,3186.0,3282.0,31728
2019-11-22,3262.0,3277.0,3181.0,3206.0,31193
2019-11-25,3309.0,3309.0,3221.0,3302.0,37646
2019-11-26,3380.0,3380.0,3293.0,3310.0,19502
2019-11-27,3333.0,3341.0,3257.0,3270.0,17540
2019-11-28,3270.0,3325.0,3178.0,3206.0,43893
2019-11-29,3293.0,3293.0,3190.0,3214.0,17058
2019-12-02,3190.0,3257.0,3142.0,3183.0,36386
2019-12-03,3198.0,3221.0,3173.0,3187.0,17037
2019-12-04,3249.0,3404.0,3170.0,3187.0,115934
2019-12-05,3190.0,3262.0,3142.0,3187.0,27567
2019-12-06,3181.0,3257.0,3173.0,3183.0,11907
2019-12-09,3257.0,3257.0,3158.0,3191.0,18072
2019-12-10,3158.0,3221.0,3158.0,3183.0,26492
2019-12-11,3181.0,3221.0,3166.0,3187.0,15886
2019-12-12,3190.0,3229.0,3150.0,3187.0,28421
2019-12-13,3190.0,3229.0,3173.0,3183.0,39947
2019-12-16,3181.0,3253.0,3162.0,3187.0,20768
2019-12-17,3173.0,3245.0,3146.0,3175.0,26642
2019-12-18,3198.0,3257.0,3154.0,3239.0,97436
2019-12-19,3270.0,3270.0,3226.0,3250.0,19193
2019-12-20,3262.0,3262.0,3221.0,3259.0,27744
2019-12-23,3285.0,3285.0,3206.0,3246.0,76651
2019-12-24,3245.0,3547.0,3245.0,3334.0,193402
2019-12-26,3333.0,3421.0,3333.0,3398.0,36781
2019-12-27,3396.0,3508.0,3388.0,3505.0,68491
2019-12-30,3508.0,3572.0,3492.0,3533.0,37288
2020-01-02,3580.0,3580.0,3484.0,3541.0,29287
2020-01-03,3539.0,3539.0,3456.0,3525.0,55907
2020-01-06,3520.0,3580.0,3341.0,3580.0,68612
2020-01-07,3580.0,3580.0,3416.0,3549.0,24947
2020-01-08,3532.0,3575.0,3429.0,3477.0,29408
2020-01-09,3524.0,3580.0,3496.0,3580.0,26478
2020-01-10,3580.0,3580.0,3500.0,3569.0,31754
2020-01-13,3532.0,3580.0,3532.0,3561.0,13406
2020-01-14,3524.0,3564.0,3500.0,3544.0,17335
2020-01-15,3564.0,3567.0,3496.0,3497.0,7938
2020-01-16,3536.0,3547.0,3472.0,3509.0,27545
2020-01-17,3508.0,3528.0,3341.0,3517.0,25693
2020-01-20,3556.0,3556.0,3421.0,3453.0,18378
2020-01-21,3532.0,3532.0,3377.0,3421.0,19818
2020-01-22,3421.0,3500.0,3373.0,3457.0,21503
2020-01-23,3456.0,3488.0,3424.0,3485.0,12852
2020-01-28,3468.0,3468.0,3301.0,3401.0,34424
2020-01-29,3500.0,3500.0,3325.0,3401.0,28179
2020-01-30,3396.0,3396.0,3317.0,3357.0,17203
2020-01-31,3401.0,3539.0,3293.0,3469.0,111422
2020-02-03,3464.0,3520.0,3360.0,3429.0,77444
2020-02-04,3424.0,3536.0,3421.0,3469.0,47286
2020-02-05,3476.0,3580.0,3444.0,3473.0,22141
2020-02-06,3468.0,3508.0,3413.0,3433.0,48701
2020-02-07,3432.0,3552.0,3416.0,3477.0,79592
2020-02-10,3416.0,3468.0,3416.0,3433.0,7810
2020-02-11,3404.0,3488.0,3404.0,3441.0,20162
2020-02-12,3440.0,3440.0,3388.0,3429.0,24491
2020-02-13,3401.0,3421.0,3369.0,3382.0,22224
2020-02-14,3380.0,3393.0,3301.0,3329.0,51825
2020-02-17,3357.0,3357.0,3265.0,3306.0,19434
2020-02-18,3305.0,3305.0,3257.0,3282.0,11930
2020-02-19,3265.0,3285.0,3242.0,3282.0,32529
2020-02-20,3321.0,3321.0,3154.0,3226.0,64389
2020-02-21,3221.0,3321.0,3158.0,3290.0,43664
2020-02-24,3181.0,3830.0,3158.0,3314.0,778311
2020-02-25,3313.0,3436.0,3178.0,3239.0,130056
2020-02-26,3270.0,3365.0,3181.0,3231.0,93246
2020-02-27,3194.0,3572.0,3181.0,3413.0,691036
2020-02-28,3413.0,4359.0,3333.0,4169.0,10302256
2020-03-02,3974.0,4153.0,3826.0,3966.0,2031488
2020-03-03,3926.0,4097.0,3759.0,3994.0,2658124
2020-03-04,3949.0,4073.0,3823.0,3843.0,1208438
2020-03-05,3818.0,3862.0,3619.0,3704.0,898333
2020-03-06,3679.0,3774.0,3560.0,3585.0,633196
2020-03-09,3588.0,3647.0,3421.0,3481.0,448487
2020-03-10,3373.0,3380.0,3209.0,3270.0,409207
2020-03-11,3270.0,3325.0,3086.0,3107.0,352013
2020-03-12,3058.0,3249.0,2824.0,3087.0,466794
2020-03-13,2792.0,3014.0,2315.0,2944.0,510079
2020-03-16,2827.0,2943.0,2764.0,2793.0,242576
2020-03-17,2545.0,2832.0,2545.0,2832.0,280670
2020-03-18,2812.0,2939.0,2784.0,2832.0,132627
2020-03-19,2832.0,2899.0,2469.0,2817.0,290297
2020-03-20,2776.0,3277.0,2665.0,2932.0,738902
2020-03-23,2963.0,2994.0,2868.0,2904.0,206141
2020-03-24,2986.0,2986.0,2896.0,2896.0,245934
2020-03-25,3047.0,3166.0,2903.0,2983.0,633474
2020-03-26,2986.0,3055.0,2876.0,2983.0,262646
2020-03-27,3062.0,3062.0,2764.0,2952.0,235134
2020-03-30,2951.0,3488.0,2879.0,3306.0,2467650
2020-03-31,3480.0,3484.0,3194.0,3342.0,710805
2020-04-01,3341.0,3341.0,3102.0,3183.0,318732
2020-04-02,3146.0,3301.0,2986.0,3231.0,276245
2020-04-03,3325.0,3325.0,3178.0,3231.0,139746
2020-04-06,3262.0,3337.0,3214.0,3338.0,506133
2020-04-07,3615.0,3703.0,3349.0,3374.0,1016866
2020-04-08,3373.0,3476.0,3262.0,3393.0,255960
2020-04-09,3421.0,3734.0,3401.0,3501.0,481799
2020-04-10,3539.0,3544.0,3262.0,3433.0,210564
2020-04-13,3429.0,3500.0,3333.0,3334.0,229469
2020-04-14,3341.0,3484.0,3341.0,3426.0,210367
2020-04-16,3357.0,3691.0,3270.0,3692.0,767324
2020-04-17,3588.0,3639.0,3547.0,3588.0,384895
2020-04-20,3580.0,3651.0,3520.0,3549.0,247457
2020-04-21,3508.0,3643.0,3181.0,3485.0,448163
2020-04-22,3432.0,3476.0,3341.0,3413.0,194709
2020-04-23,3452.0,3468.0,3396.0,3426.0,116966
2020-04-24,3401.0,3536.0,3262.0,3310.0,210604
2020-04-27,3273.0,3373.0,3273.0,3346.0,102624
2020-04-28,3349.0,3360.0,3285.0,3354.0,118527
2020-04-29,3380.0,3421.0,3329.0,3390.0,93179
2020-05-04,3416.0,3560.0,3401.0,3429.0,237737
2020-05-06,3424.0,3544.0,3424.0,3544.0,133887
2020-05-07,3611.0,3611.0,3476.0,3549.0,131968
2020-05-08,3547.0,3795.0,3508.0,3592.0,701480
2020-05-11,3611.0,3631.0,3500.0,3533.0,171681
2020-05-12,3683.0,3698.0,3488.0,3497.0,222167
2020-05-13,3492.0,3536.0,3424.0,3501.0,54977
2020-05-14,3432.0,3488.0,3416.0,3418.0,73225
2020-05-15,3413.0,3436.0,3333.0,3385.0,87465
2020-05-18,3357.0,3357.0,3242.0,3262.0,104363
2020-05-19,3265.0,3297.0,3209.0,3274.0,88363
2020-05-20,3281.0,3329.0,3237.0,3290.0,34454
2020-05-21,3297.0,3333.0,3262.0,3290.0,56723
2020-05-22,3289.0,3321.0,3206.0,3246.0,47734
2020-05-25,3214.0,3253.0,3158.0,3183.0,99269
2020-05-26,3245.0,3245.0,3102.0,3187.0,86510
2020-05-27,3245.0,3245.0,3181.0,3206.0,55413
2020-05-28,3206.0,3229.0,3122.0,3183.0,77515
2020-05-29,3181.0,3226.0,3130.0,3218.0,50044
2020-06-01,3194.0,3245.0,3170.0,3203.0,54683
2020-06-02,3201.0,3237.0,3170.0,3191.0,49217
2020-06-03,3245.0,3245.0,3162.0,3183.0,53708
2020-06-04,3181.0,3198.0,3094.0,3159.0,97781
2020-06-05,3126.0,3158.0,3030.0,3111.0,130529
2020-06-08,3154.0,3158.0,3070.0,3095.0,39311
2020-06-09,3102.0,3142.0,3047.0,3095.0,44712
2020-06-10,3055.0,3090.0,2999.0,3071.0,41175
2020-06-11,3083.0,3083.0,2939.0,2991.0,121169
2020-06-12,2879.0,3027.0,2799.0,3027.0,74279
2020-06-15,3027.0,3027.0,2919.0,3008.0,69162
2020-06-16,3035.0,3055.0,2943.0,2991.0,80401
2020-06-17,2967.0,2967.0,2891.0,2944.0,49706
2020-06-18,2939.0,3003.0,2883.0,2960.0,28853
2020-06-19,2958.0,2986.0,2923.0,2968.0,21330
2020-06-22,2931.0,2958.0,2863.0,2932.0,46545
2020-06-23,2896.0,2919.0,2843.0,2888.0,42023
2020-06-24,2915.0,2915.0,2855.0,2873.0,26683
2020-06-25,2871.0,2975.0,2716.0,2972.0,75196
2020-06-26,2975.0,3007.0,2903.0,3004.0,35632
2020-06-29,2986.0,3022.0,2931.0,2988.0,26876
2020-06-30,3022.0,3022.0,2935.0,3000.0,24404
2020-07-01,3022.0,3058.0,2939.0,3052.0,62066
2020-07-02,3070.0,3070.0,2986.0,3052.0,24570
2020-07-03,3058.0,3058.0,2971.0,3024.0,13931
2020-07-06,3014.0,3062.0,2955.0,3063.0,32911
2020-07-07,3062.0,3062.0,2967.0,3052.0,23578
2020-07-08,3050.0,3062.0,2983.0,3032.0,16310
2020-07-09,3062.0,3075.0,2979.0,3039.0,42978
2020-07-10,3078.0,3086.0,2999.0,3055.0,21004
2020-07-13,3055.0,3070.0,2999.0,3052.0,15806
2020-07-14,3050.0,3050.0,2986.0,3044.0,16286
2020-07-15,3055.0,3094.0,3039.0,3080.0,21801
2020-07-16,3086.0,3086.0,3014.0,3063.0,24020
2020-07-17,3055.0,3094.0,3003.0,3080.0,43136
2020-07-20,3050.0,3083.0,3030.0,3063.0,35515
2020-07-21,3022.0,3062.0,3007.0,3039.0,29706
2020-07-22,3055.0,3055.0,2971.0,3044.0,33771
2020-07-23,3075.0,3075.0,2951.0,3019.0,61282
2020-07-24,3062.0,3062.0,2947.0,3024.0,47066
2020-07-27,3022.0,3047.0,2943.0,3008.0,39620
2020-07-28,3003.0,3003.0,2927.0,2960.0,61216
2020-07-29,2919.0,2955.0,2879.0,2952.0,43372
2020-07-30,2951.0,2951.0,2907.0,2952.0,59581
2020-07-31,2863.0,2943.0,2760.0,2848.0,178163
2020-08-03,2820.0,2991.0,2812.0,2857.0,27603
2020-08-04,2848.0,2855.0,2816.0,2840.0,23516
2020-08-05,2868.0,3154.0,2843.0,2948.0,761345
2020-08-06,2947.0,2975.0,2888.0,2944.0,80147
2020-08-07,2907.0,2983.0,2907.0,2944.0,35688
2020-08-10,2943.0,2991.0,2907.0,2983.0,77936
2020-08-11,2903.0,2991.0,2903.0,2948.0,54854
2020-08-12,2947.0,2979.0,2860.0,2884.0,74604
2020-08-13,2899.0,2919.0,2855.0,2920.0,49168
2020-08-14,2931.0,2979.0,2863.0,2976.0,57247
2020-08-18,2986.0,3253.0,2951.0,3254.0,971361
2020-08-19,3162.0,3237.0,3070.0,3183.0,333246
2020-08-20,3237.0,4136.0,3198.0,4138.0,7946386
2020-08-21,4455.0,5290.0,4279.0,4456.0,18054448
2020-08-24,4590.0,5226.0,4368.0,4806.0,8517682
2020-08-25,4757.0,4757.0,4494.0,4615.0,697872
2020-08-26,4837.0,5012.0,4765.0,4862.0,893428
2020-08-27,4972.0,5441.0,4972.0,5410.0,1889869
2020-08-28,5592.0,5807.0,4686.0,4917.0,3987569
2020-08-31,4709.0,4765.0,4335.0,4345.0,2402268
2020-09-01,4287.0,4296.0,4136.0,4273.0,1581622
2020-09-02,4256.0,4407.0,4153.0,4368.0,1740054
2020-09-03,4499.0,4542.0,4272.0,4290.0,679092
2020-09-04,3966.0,4162.0,3913.0,4062.0,978714
2020-09-07,4053.0,4149.0,3957.0,4097.0,501567
2020-09-08,4014.0,4014.0,3835.0,3835.0,724392
2020-09-09,3800.0,3896.0,3686.0,3739.0,337382
2020-09-10,3721.0,3787.0,3712.0,3726.0,340207
2020-09-11,3721.0,3874.0,3608.0,3770.0,1285159
2020-09-14,3787.0,3865.0,3730.0,3835.0,640913
2020-09-15,3843.0,3848.0,3747.0,3748.0,378924
2020-09-16,3782.0,3782.0,3656.0,3665.0,333591
2020-09-17,3660.0,3686.0,3551.0,3586.0,270837
2020-09-18,3599.0,3669.0,3512.0,3647.0,132268
2020-09-21,3647.0,3647.0,3477.0,3521.0,199664
2020-09-22,3520.0,3538.0,3319.0,3355.0,364248
2020-09-23,3354.0,3463.0,3284.0,3394.0,169990
2020-09-24,3271.0,3319.0,3127.0,3154.0,417558
2020-09-25,3201.0,3210.0,3066.0,3119.0,213381
2020-09-28,3184.0,3245.0,3162.0,3215.0,185312
2020-09-29,3236.0,3415.0,3219.0,3372.0,198300
2020-10-05,3394.0,3424.0,3241.0,3398.0,293216
2020-10-06,4092.0,4411.0,3975.0,4412.0,9716963
2020-10-07,4735.0,4997.0,4263.0,4377.0,16246125
2020-10-08,4560.0,4621.0,4154.0,4185.0,4314982
2020-10-12,4184.0,4250.0,3791.0,3910.0,2401648
2020-10-13,3865.0,3870.0,3730.0,3757.0,1543719
2020-10-14,3656.0,3817.0,3629.0,3643.0,1520023
2020-10-15,3629.0,3878.0,3512.0,3551.0,2346167
2020-10-16,3625.0,3651.0,3407.0,3438.0,751787
2020-10-19,3468.0,3542.0,3363.0,3438.0,481522
2020-10-20,3450.0,3638.0,3415.0,3639.0,726544
2020-10-21,3586.0,3664.0,3538.0,3595.0,618155
2020-10-22,3695.0,3695.0,3500.0,3580.0,507282
2020-10-23,3610.0,3680.0,3525.0,3610.0,274713
2020-10-26,3600.0,4690.0,3330.0,4120.0,17068871
2020-10-27,3800.0,5350.0,3665.0,5350.0,44322273
2020-10-28,5320.0,5350.0,4635.0,4890.0,12888641
2020-10-29,4710.0,4870.0,4410.0,4565.0,5150904
2020-10-30,3775.0,3985.0,3585.0,3585.0,11827558
2020-11-02,3635.0,3760.0,3525.0,3555.0,3037536
2020-11-03,3615.0,3690.0,3535.0,3575.0,2422155
2020-11-04,3645.0,3755.0,3510.0,3545.0,3283116
2020-11-05,3665.0,3735.0,3570.0,3730.0,2475262
2020-11-06,3755.0,3760.0,3605.0,3640.0,2004716
2020-11-09,3675.0,3955.0,3640.0,3850.0,6671616
2020-11-10,3795.0,3970.0,3695.0,3865.0,3864667
2020-11-11,3780.0,3880.0,3775.0,3830.0,2753331
2020-11-12,3900.0,3900.0,3705.0,3720.0,1740744
2020-11-13,3660.0,4045.0,3585.0,3855.0,8696540
2020-11-16,3845.0,4170.0,3845.0,4095.0,9375066
2020-11-17,3970.0,4135.0,3885.0,3910.0,4483430
2020-11-18,3975.0,4135.0,3925.0,4115.0,5866631
2020-11-19,4295.0,4530.0,4145.0,4235.0,19826688
2020-11-20,4305.0,4400.0,4160.0,4340.0,7909487
2020-11-23,4415.0,4425.0,4210.0,4225.0,3215232
2020-11-24,4240.0,4240.0,3920.0,4020.0,3031427
2020-11-25,4060.0,4290.0,4005.0,4105.0,6180913
2020-11-26,4310.0,4730.0,4190.0,4710.0,44308127
2020-11-27,4845.0,5070.0,4400.0,4405.0,22561592
2020-11-30,4415.0,4595.0,4250.0,4545.0,7974756
2020-12-01,4430.0,4475.0,4325.0,4325.0,3357875
2020-12-02,4305.0,4375.0,4170.0,4245.0,2474898
2020-12-03,4245.0,4320.0,4135.0,4315.0,2189669
2020-12-04,4370.0,4865.0,4285.0,4800.0,31516985
2020-12-07,5100.0,6240.0,5020.0,6240.0,99976696
2020-12-08,6470.0,6590.0,5890.0,6180.0,43592343
2020-12-09,6140.0,6250.0,5730.0,6030.0,17272197
2020-12-10,5760.0,6330.0,5550.0,5880.0,30686729
2020-12-11,6150.0,6220.0,5750.0,6180.0,19779464
2020-12-14,6690.0,6840.0,6070.0,6120.0,28254680
2020-12-15,6160.0,6240.0,5780.0,5780.0,8854179
2020-12-16,5840.0,6350.0,5770.0,6000.0,17593068
2020-12-17,6070.0,6140.0,5800.0,5850.0,10227016
2020-12-18,5880.0,5990.0,5510.0,5590.0,5555637
2020-12-21,5600.0,5770.0,5400.0,5490.0,6820643
2020-12-22,5380.0,5430.0,4890.0,4980.0,5116510
2020-12-23,4980.0,5050.0,4665.0,4745.0,3437438
2020-12-24,4750.0,4800.0,4635.0,4705.0,2440691
2020-12-28,4780.0,4800.0,4485.0,4515.0,1746086
2020-12-29,4500.0,4650.0,4470.0,4615.0,1347441
2020-12-30,4580.0,4670.0,4490.0,4570.0,1504523
2021-01-04,4500.0,4560.0,4335.0,4385.0,1926397
2021-01-05,4385.0,4490.0,4260.0,4290.0,1788077
2021-01-06,4315.0,4360.0,4245.0,4260.0,1216952
2021-01-07,4340.0,4430.0,4275.0,4305.0,2063081
2021-01-08,4285.0,4385.0,4115.0,4150.0,2027020
2021-01-11,4190.0,4190.0,3935.0,4110.0,1760273
2021-01-12,4120.0,4140.0,3935.0,4015.0,878102
2021-01-13,3920.0,4100.0,3920.0,4010.0,881125
2021-01-14,4030.0,4035.0,3935.0,3940.0,741733
2021-01-15,3935.0,3955.0,3825.0,3870.0,954511
2021-01-18,3900.0,3910.0,3720.0,3740.0,904968
2021-01-19,3705.0,4450.0,3705.0,4130.0,15265118
2021-01-20,4200.0,4245.0,4020.0,4030.0,1695462
2021-01-21,4075.0,4075.0,3910.0,3910.0,1081338
2021-01-22,3860.0,4070.0,3855.0,3990.0,1156062
2021-01-25,4000.0,4375.0,3985.0,4335.0,4106549
2021-01-26,4570.0,5000.0,4410.0,4500.0,21058786
2021-01-27,4530.0,4645.0,4305.0,4305.0,2188403
2021-01-28,4155.0,4295.0,4070.0,4090.0,1493622
2021-01-29,4070.0,4130.0,3785.0,3840.0,1420540
2021-02-01,3750.0,4065.0,3750.0,4000.0,1121003
2021-02-02,4060.0,4185.0,4005.0,4075.0,975176
2021-02-03,4160.0,4190.0,4015.0,4030.0,600658
2021-02-04,4050.0,4055.0,3920.0,3945.0,487422
2021-02-05,3935.0,4040.0,3935.0,3990.0,496084
2021-02-08,4010.0,4010.0,3900.0,3915.0,468468
2021-02-09,3895.0,3985.0,3870.0,3870.0,378320
2021-02-10,3880.0,3900.0,3785.0,3810.0,534387
2021-02-15,3810.0,3925.0,3785.0,3880.0,530544
2021-02-16,3935.0,4480.0,3930.0,4130.0,6594835
2021-02-17,4110.0,4395.0,4010.0,4250.0,2161158
2021-02-18,4340.0,4650.0,4250.0,4550.0,6911745
2021-02-19,4690.0,4850.0,4300.0,4450.0,6102305
2021-02-22,4450.0,4535.0,4225.0,4230.0,1739394
2021-02-23,4155.0,4645.0,4060.0,4610.0,5434667
2021-02-24,4420.0,4470.0,4140.0,4145.0,2120901
2021-02-25,4210.0,4355.0,4100.0,4230.0,1291150
2021-02-26,4070.0,4150.0,4015.0,4070.0,726045
2021-03-02,4125.0,4415.0,4105.0,4290.0,2200796
2021-03-03,4395.0,4450.0,4240.0,4240.0,1721370
2021-03-04,4190.0,4220.0,4130.0,4180.0,532497
2021-03-05,4120.0,4155.0,4010.0,4150.0,536983
2021-03-08,4150.0,4230.0,4035.0,4035.0,413174
2021-03-09,3990.0,4075.0,3885.0,3910.0,551320
2021-03-10,3980.0,4300.0,3955.0,4020.0,1125802
2021-03-11,4020.0,4590.0,4020.0,4205.0,5220414
2021-03-12,4200.0,4470.0,4180.0,4200.0,2765007
2021-03-15,4195.0,4290.0,4120.0,4205.0,935145
2021-03-16,4145.0,4200.0,4065.0,4065.0,879662
2021-03-17,4075.0,4145.0,4000.0,4065.0,519875
2021-03-18,4065.0,4115.0,4045.0,4045.0,323257
2021-03-19,4015.0,4095.0,4000.0,4035.0,246584
2021-03-22,4010.0,4065.0,3920.0,3975.0,555868
2021-03-23,4005.0,4055.0,3930.0,3930.0,346512
2021-03-24,3955.0,3965.0,3875.0,3895.0,276342
2021-03-25,3845.0,3945.0,3845.0,3885.0,349863
2021-03-26,3885.0,3930.0,3840.0,3845.0,422804
2021-03-29,3855.0,3885.0,3795.0,3820.0,397859
2021-03-30,3820.0,3835.0,3750.0,3790.0,377594
2021-03-31,3850.0,3890.0,3780.0,3810.0,382152
2021-04-01,3815.0,3840.0,3755.0,3790.0,360234
2021-04-02,3790.0,3790.0,3715.0,3730.0,447617
2021-04-05,3725.0,3765.0,3680.0,3685.0,408539
2021-04-06,3690.0,3690.0,3535.0,3565.0,769282
2021-04-07,3570.0,3730.0,3570.0,3700.0,666765
2021-04-08,3760.0,3760.0,3650.0,3705.0,375138
2021-04-09,3710.0,3745.0,3670.0,3705.0,356100
2021-04-12,3730.0,4220.0,3705.0,4015.0,8423821
2021-04-13,3975.0,4095.0,3895.0,3940.0,1209803
2021-04-14,4085.0,4105.0,4005.0,4010.0,1448850
2021-04-15,3955.0,4025.0,3905.0,3935.0,531935
2021-04-16,3935.0,3955.0,3875.0,3885.0,447673
2021-04-19,3890.0,3955.0,3830.0,3915.0,422444
2021-04-20,3885.0,3950.0,3870.0,3895.0,293488
2021-04-21,3850.0,3915.0,3825.0,3825.0,346704
2021-04-22,3830.0,4275.0,3820.0,3980.0,6971533
2021-04-23,3955.0,4030.0,3930.0,4000.0,969324
2021-04-26,4070.0,4105.0,3975.0,4005.0,1226007
2021-04-27,4030.0,4035.0,3960.0,3970.0,450691
2021-04-28,3990.0,4040.0,3905.0,3905.0,682917
2021-04-29,3900.0,3980.0,3860.0,3925.0,386330
2021-04-30,3905.0,3955.0,3835.0,3835.0,475975
2021-05-03,3835.0,3840.0,3720.0,3740.0,401721
2021-05-04,3705.0,3770.0,3650.0,3730.0,474806
2021-05-06,3670.0,3835.0,3665.0,3790.0,267574
2021-05-07,3790.0,3820.0,3765.0,3775.0,196451
2021-05-10,3815.0,3830.0,3760.0,3815.0,217127
2021-05-11,3815.0,3850.0,3785.0,3830.0,264965
2021-05-12,3805.0,3850.0,3670.0,3740.0,324756
2021-05-13,3690.0,3710.0,3640.0,3640.0,314329
2021-05-14,3660.0,3695.0,3635.0,3650.0,169875
2021-05-17,3645.0,3805.0,3610.0,3760.0,357278
2021-05-18,3760.0,3765.0,3715.0,3720.0,224140
2021-05-20,3695.0,3760.0,3695.0,3720.0,204743
2021-05-21,3760.0,3760.0,3655.0,3655.0,258029
2021-05-24,3685.0,3685.0,3565.0,3575.0,269521
2021-05-25,3580.0,3660.0,3580.0,3600.0,125856
2021-05-26,3580.0,3630.0,3575.0,3590.0,204603
2021-05-27,3590.0,3655.0,3585.0,3625.0,151211
2021-05-28,3655.0,3920.0,3620.0,3680.0,2198382
2021-05-31,3715.0,3725.0,3680.0,3715.0,230928
2021-06-01,3735.0,3800.0,3695.0,3785.0,357937
2021-06-02,3805.0,3840.0,3765.0,3795.0,334382
2021-06-03,3800.0,3875.0,3790.0,3805.0,480839
2021-06-04,3810.0,3890.0,3790.0,3870.0,436508
2021-06-07,3880.0,3915.0,3805.0,3825.0,356316
2021-06-08,3800.0,3830.0,3735.0,3755.0,343595
2021-06-09,3755.0,3945.0,3755.0,3880.0,1193567
2021-06-10,3920.0,3955.0,3840.0,3860.0,703621
2021-06-11,3890.0,3910.0,3840.0,3900.0,457238
2021-06-14,3905.0,3920.0,3850.0,3855.0,360631
2021-06-15,3850.0,3875.0,3800.0,3845.0,336336
2021-06-16,3830.0,3935.0,3825.0,3915.0,462975
2021-06-17,3940.0,3960.0,3915.0,3945.0,404453
2021-06-18,3970.0,4120.0,3960.0,4015.0,3969160
2021-06-21,4015.0,4040.0,3950.0,3950.0,627366
2021-06-22,3960.0,4070.0,3945.0,3965.0,617686
2021-06-23,3965.0,4055.0,3930.0,3990.0,600957
2021-06-24,4005.0,4010.0,3880.0,3905.0,431728
2021-06-25,3905.0,4280.0,3880.0,4080.0,9085849
2021-06-28,4085.0,4200.0,4055.0,4175.0,1576068
2021-06-29,4170.0,4170.0,4055.0,4070.0,813767
2021-06-30,4080.0,4280.0,4055.0,4280.0,3095594
2021-07-01,4570.0,4570.0,4210.0,4240.0,4578213
2021-07-02,4280.0,4430.0,4230.0,4390.0,2355518
2021-07-05,4365.0,4395.0,4280.0,4300.0,1040888
2021-07-06,4280.0,4290.0,4170.0,4225.0,853241
2021-07-07,4325.0,4515.0,4310.0,4445.0,5456293
2021-07-08,4450.0,4635.0,4210.0,4570.0,3722859
2021-07-09,4455.0,4800.0,4400.0,4645.0,10803334
2021-07-12,4685.0,4690.0,4475.0,4490.0,1973347
2021-07-13,4605.0,4605.0,4305.0,4350.0,1821557
2021-07-14,4415.0,4590.0,4370.0,4560.0,3051851
2021-07-15,4515.0,4520.0,4350.0,4350.0,1209407
2021-07-16,4350.0,4365.0,4100.0,4245.0,882826
2021-07-19,4240.0,4240.0,4070.0,4080.0,803540
2021-07-20,4035.0,4595.0,4005.0,4360.0,12536816
2021-07-21,4410.0,4575.0,4190.0,4230.0,4993220
2021-07-22,4300.0,4330.0,4055.0,4125.0,1220995
2021-07-23,4125.0,4205.0,4100.0,4115.0,519744
2021-07-26,4105.0,4145.0,4015.0,4040.0,570252
2021-07-27,4010.0,4165.0,4010.0,4095.0,508181
2021-07-28,4075.0,4445.0,4060.0,4285.0,4976274
2021-07-29,4200.0,4280.0,4120.0,4125.0,900577
2021-07-30,4175.0,4245.0,4095.0,4105.0,864885
2021-08-02,4020.0,4165.0,4020.0,4140.0,588755
2021-08-03,4110.0,4115.0,4015.0,4030.0,536953
2021-08-04,4065.0,4120.0,4045.0,4080.0,295241
2021-08-05,4100.0,4155.0,4060.0,4135.0,372490
2021-08-06,4135.0,4195.0,4100.0,4135.0,522411
2021-08-09,4135.0,4140.0,4060.0,4095.0,381658
2021-08-10,4070.0,4090.0,4020.0,4075.0,344775
2021-08-11,4185.0,4275.0,4130.0,4205.0,1848453
2021-08-12,4200.0,4385.0,4160.0,4270.0,2326641
2021-08-13,4350.0,4350.0,4085.0,4170.0,1098539
2021-08-17,4175.0,4175.0,4030.0,4030.0,723995
2021-08-18,4000.0,4070.0,3955.0,4000.0,480464
2021-08-19,3975.0,4000.0,3745.0,3760.0,968673
2021-08-20,3760.0,3780.0,3575.0,3590.0,729430
2021-08-23,3590.0,3755.0,3565.0,3675.0,313921
2021-08-24,3690.0,3760.0,3690.0,3725.0,353843
2021-08-25,3755.0,3770.0,3685.0,3730.0,268720
2021-08-26,3725.0,3800.0,3715.0,3750.0,262828
2021-08-27,3750.0,3790.0,3680.0,3755.0,198291
2021-08-30,3780.0,3860.0,3760.0,3780.0,305327
2021-08-31,3780.0,3800.0,3725.0,3785.0,236992
2021-09-01,3770.0,3855.0,3770.0,3810.0,200839
2021-09-02,3830.0,3850.0,3770.0,3785.0,263546
2021-09-03,3805.0,3915.0,3780.0,3845.0,355522
2021-09-06,3865.0,3910.0,3810.0,3810.0,275920
2021-09-07,3815.0,3870.0,3760.0,3785.0,264865
2021-09-08,3785.0,3820.0,3680.0,3690.0,384353
2021-09-09,3670.0,3720.0,3635.0,3675.0,180415
2021-09-10,3675.0,3730.0,3630.0,3710.0,274698
2021-09-13,3730.0,4270.0,3710.0,3960.0,7706259
2021-09-14,3945.0,4000.0,3870.0,3895.0,776757
2021-09-15,3870.0,4010.0,3870.0,3915.0,530695
2021-09-16,3920.0,3940.0,3850.0,3875.0,295852
2021-09-17,3875.0,3875.0,3800.0,3810.0,248330
2021-09-23,3755.0,3810.0,3750.0,3760.0,197900
2021-09-24,3765.0,3860.0,3755.0,3800.0,353155
2021-09-27,3835.0,3955.0,3835.0,3950.0,440996
2021-09-28,3920.0,3920.0,3830.0,3830.0,284919
2021-09-29,3750.0,3825.0,3705.0,3760.0,306496
2021-09-30,3760.0,3870.0,3760.0,3800.0,182460
2021-10-01,3755.0,3820.0,3650.0,3650.0,421206
2021-10-05,3620.0,3620.0,3440.0,3465.0,466916
2021-10-06,3465.0,3565.0,3270.0,3345.0,577206
2021-10-07,3335.0,3850.0,3335.0,3530.0,2193391
2021-10-08,3540.0,3555.0,3460.0,3515.0,256106
2021-10-12,3510.0,3660.0,3450.0,3565.0,311303
2021-10-13,3530.0,3595.0,3520.0,3570.0,138958
2021-10-14,3570.0,3625.0,3560.0,3605.0,115697
2021-10-15,3605.0,3645.0,3580.0,3630.0,214438
2021-10-18,3645.0,3665.0,3560.0,3585.0,141585
2021-10-19,3570.0,3625.0,3535.0,3555.0,125899
2021-10-20,3550.0,3615.0,3550.0,3570.0,147327
2021-10-21,3570.0,3630.0,3560.0,3570.0,142248
2021-10-22,3570.0,3625.0,3550.0,3575.0,153465
2021-10-25,3555.0,3600.0,3540.0,3585.0,119738
2021-10-26,3585.0,3695.0,3585.0,3690.0,194272
2021-10-27,3680.0,3765.0,3655.0,3695.0,308779
2021-10-28,3695.0,3745.0,3680.0,3705.0,251790
2021-10-29,3840.0,3900.0,3725.0,3810.0,776780
2021-11-01,3810.0,3865.0,3750.0,3815.0,222225
2021-11-02,3790.0,3850.0,3785.0,3815.0,164560
2021-11-03,3840.0,3850.0,3710.0,3745.0,233108
2021-11-04,3745.0,3785.0,3720.0,3725.0,213015
2021-11-05,3740.0,4035.0,3700.0,3715.0,6434765
2021-11-08,3800.0,3925.0,3735.0,3865.0,1106231
2021-11-09,3900.0,3905.0,3780.0,3790.0,482438
2021-11-10,3760.0,3845.0,3715.0,3735.0,519098
2021-11-11,3695.0,3775.0,3690.0,3770.0,314362
2021-11-12,3760.0,3810.0,3760.0,3785.0,254831
2021-11-15,3825.0,3865.0,3765.0,3800.0,597596
2021-11-16,3770.0,3860.0,3770.0,3795.0,387507
2021-11-17,3820.0,3970.0,3740.0,3970.0,1474697
2021-11-18,4045.0,4085.0,3900.0,3955.0,1082114
2021-11-19,3955.0,4015.0,3865.0,3865.0,835335
2021-11-22,3900.0,4135.0,3900.0,4100.0,3152956
2021-11-23,4015.0,4040.0,3930.0,3960.0,1134307
2021-11-24,4050.0,4210.0,3975.0,4005.0,3345772
2021-11-25,4095.0,4170.0,3950.0,3980.0,906665
2021-11-26,4055.0,4150.0,3975.0,4145.0,1679561
2021-11-29,4135.0,4265.0,3995.0,4040.0,3505518
2021-11-30,4090.0,4090.0,3685.0,3705.0,2832490
2021-12-01,3715.0,3795.0,3600.0,3685.0,753721
2021-12-02,3655.0,3810.0,3655.0,3785.0,608430
2021-12-03,3780.0,3825.0,3710.0,3740.0,356022
2021-12-06,3705.0,3780.0,3705.0,3730.0,303459
2021-12-07,3730.0,3750.0,3655.0,3675.0,413469
2021-12-08,3725.0,3965.0,3690.0,3900.0,2463351
2021-12-09,3840.0,3850.0,3755.0,3790.0,546123
2021-12-10,3815.0,4055.0,3795.0,3805.0,2029181
2021-12-13,3835.0,3925.0,3820.0,3845.0,577399
2021-12-14,3865.0,3865.0,3710.0,3720.0,635194
2021-12-15,3765.0,3950.0,3750.0,3760.0,1054063
2021-12-16,3780.0,3810.0,3680.0,3710.0,442717
2021-12-17,3685.0,3725.0,3650.0,3690.0,335978
2021-12-20,3720.0,4430.0,3615.0,4260.0,22517675
2021-12-21,4010.0,4125.0,3920.0,3920.0,6115192
2021-12-22,3990.0,4080.0,3910.0,3920.0,2989910
2021-12-23,3925.0,3945.0,3810.0,3820.0,1520540
2021-12-24,3820.0,3880.0,3740.0,3745.0,1046826
2021-12-27,3735.0,3745.0,3660.0,3660.0,727490
2021-12-28,3675.0,3690.0,3600.0,3600.0,608074
2021-12-29,3635.0,3685.0,3615.0,3670.0,341865
2021-12-30,3700.0,3700.0,3625.0,3635.0,328396
2022-01-03,3630.0,3740.0,3630.0,3720.0,360069
2022-01-04,3720.0,3760.0,3710.0,3750.0,322597
2022-01-05,3750.0,3810.0,3700.0,3770.0,367363
2022-01-06,3700.0,3775.0,3680.0,3680.0,425147
2022-01-07,3695.0,3820.0,3695.0,3795.0,417326
2022-01-10,3840.0,3900.0,3775.0,3825.0,739916
2022-01-11,3765.0,3825.0,3675.0,3700.0,487095
2022-01-12,3580.0,3715.0,3580.0,3700.0,623903
2022-01-13,3685.0,3730.0,3650.0,3660.0,265833
2022-01-14,3750.0,3835.0,3690.0,3695.0,998004
2022-01-17,3675.0,3725.0,3620.0,3640.0,292650
2022-01-18,3670.0,3675.0,3610.0,3610.0,196974
2022-01-19,3570.0,3630.0,3550.0,3550.0,291059
2022-01-20,3540.0,3615.0,3540.0,3595.0,204461
2022-01-21,3555.0,3645.0,3535.0,3600.0,255943
2022-01-24,3630.0,3655.0,3520.0,3520.0,308683
2022-01-25,3525.0,3670.0,3360.0,3400.0,534975
2022-01-26,3430.0,3455.0,3240.0,3410.0,270144
2022-01-27,3410.0,3420.0,3245.0,3250.0,396476
2022-01-28,3245.0,3335.0,3230.0,3330.0,171702
2022-02-03,3355.0,3475.0,3355.0,3455.0,270938
2022-02-04,3420.0,3500.0,3405.0,3470.0,194107
2022-02-07,3515.0,3515.0,3350.0,3450.0,129718
2022-02-08,3435.0,3470.0,3385.0,3435.0,162395
2022-02-09,3450.0,3770.0,3435.0,3500.0,2540087
2022-02-10,3500.0,3540.0,3475.0,3480.0,220340
2022-02-11,3480.0,3500.0,3335.0,3335.0,260348
2022-02-14,3330.0,3330.0,3250.0,3275.0,184590
2022-02-15,3245.0,3330.0,3200.0,3200.0,171570
2022-02-16,3245.0,3325.0,3245.0,3305.0,89675
2022-02-17,3295.0,3380.0,3195.0,3295.0,213712
2022-02-18,3250.0,3355.0,3250.0,3340.0,153328
2022-02-21,3380.0,3555.0,3330.0,3540.0,716001
2022-02-22,3495.0,3650.0,3450.0,3490.0,1083292
2022-02-23,3490.0,3555.0,3470.0,3555.0,373615
2022-02-24,3485.0,3545.0,3410.0,3440.0,288245
2022-02-25,3530.0,3550.0,3475.0,3510.0,259424
2022-02-28,3530.0,3580.0,3485.0,3520.0,206988
2022-03-02,3520.0,3550.0,3470.0,3515.0,137533
2022-03-03,3515.0,3600.0,3505.0,3545.0,182094
2022-03-04,3535.0,3680.0,3515.0,3655.0,782985
2022-03-07,3670.0,3730.0,3615.0,3665.0,408739
2022-03-08,3660.0,3730.0,3600.0,3690.0,509796
2022-03-10,3725.0,3745.0,3675.0,3690.0,269102
2022-03-11,3690.0,3730.0,3655.0,3695.0,305650
2022-03-14,3705.0,3805.0,3690.0,3710.0,1017648
2022-03-15,3740.0,3750.0,3615.0,3630.0,519001
2022-03-16,3680.0,3770.0,3630.0,3745.0,602821
2022-03-17,3745.0,3750.0,3670.0,3710.0,346894
2022-03-18,3705.0,3735.0,3645.0,3670.0,252659
2022-03-21,3670.0,3680.0,3625.0,3660.0,153850
2022-03-22,3660.0,3725.0,3640.0,3660.0,225966
2022-03-23,3680.0,3715.0,3665.0,3695.0,322187
2022-03-24,3695.0,3820.0,3640.0,3785.0,1784308
2022-03-25,3800.0,3815.0,3700.0,3730.0,578726
2022-03-28,3770.0,3770.0,3685.0,3695.0,388711
2022-03-29,3740.0,3740.0,3675.0,3685.0,319294
2022-03-30,3685.0,3710.0,3620.0,3650.0,301598
2022-03-31,3625.0,3660.0,3610.0,3660.0,182998
2022-04-01,3655.0,3655.0,3540.0,3585.0,448458
2022-04-04,3585.0,3615.0,3565.0,3600.0,157121
2022-04-05,3600.0,3610.0,3560.0,3575.0,153452
2022-04-06,3540.0,3580.0,3510.0,3525.0,262087
2022-04-07,3505.0,3505.0,3420.0,3425.0,310863
2022-04-08,3420.0,3530.0,3390.0,3510.0,274497
2022-04-11,3535.0,3535.0,3465.0,3480.0,120434
2022-04-12,3470.0,3475.0,3395.0,3415.0,125353
2022-04-13,3405.0,3565.0,3405.0,3425.0,251075
2022-04-14,3425.0,3525.0,3400.0,3440.0,318748
2022-04-15,3440.0,3540.0,3410.0,3445.0,331675
2022-04-18,3460.0,3475.0,3365.0,3380.0,309940
2022-04-19,3380.0,3420.0,3370.0,3400.0,153864
2022-04-20,3400.0,3420.0,3375.0,3385.0,152488
2022-04-21,3380.0,3405.0,3360.0,3380.0,176880
2022-04-22,3350.0,3370.0,3315.0,3350.0,163963
2022-04-25,3330.0,3330.0,3255.0,3260.0,215031
2022-04-26,3275.0,3320.0,3260.0,3300.0,118722
2022-04-27,3230.0,3350.0,3205.0,3350.0,215222
2022-04-28,3375.0,3375.0,3300.0,3320.0,117659
2022-04-29,3345.0,3360.0,3320.0,3335.0,98790
2022-05-02,3305.0,3370.0,3265.0,3315.0,152784
2022-05-03,3315.0,3470.0,3315.0,3390.0,335777
2022-05-04,3385.0,3385.0,3150.0,3280.0,429748
2022-05-06,3215.0,3280.0,3215.0,3280.0,106693
2022-05-09,3265.0,3275.0,3200.0,3210.0,176897
2022-05-10,3155.0,3350.0,3100.0,3170.0,237962
2022-05-11,3160.0,3250.0,3160.0,3195.0,90405
2022-05-12,3130.0,3260.0,3080.0,3085.0,250064
2022-05-13,3100.0,3330.0,3100.0,3250.0,465279
2022-05-16,3250.0,3290.0,3175.0,3200.0,192003
2022-05-17,3185.0,3255.0,3160.0,3210.0,114107
2022-05-18,3210.0,3260.0,3190.0,3190.0,134376
2022-05-19,3095.0,3465.0,3095.0,3315.0,2329317
2022-05-20,3295.0,3340.0,3260.0,3270.0,357192
2022-05-23,3285.0,3290.0,3230.0,3230.0,198707
2022-05-24,3240.0,3280.0,3160.0,3175.0,167438
2022-05-25,3170.0,3190.0,3130.0,3140.0,254502
2022-05-26,3155.0,3285.0,3155.0,3180.0,554172
2022-05-27,3190.0,3270.0,3190.0,3230.0,166996
2022-05-30,3235.0,3270.0,3210.0,3235.0,111742
2022-05-31,3235.0,3315.0,3220.0,3250.0,215883
2022-06-02,3250.0,3300.0,3230.0,3260.0,142161
2022-06-03,3310.0,3440.0,3275.0,3400.0,663148
2022-06-07,3425.0,3660.0,3360.0,3510.0,4691174
2022-06-08,3610.0,3650.0,3510.0,3530.0,1391788
2022-06-09,3515.0,3570.0,3405.0,3410.0,766383
2022-06-10,3370.0,3640.0,3355.0,3475.0,1243990
2022-06-13,3365.0,3415.0,3195.0,3205.0,635828
2022-06-14,3130.0,3190.0,3060.0,3110.0,403163
2022-06-15,3070.0,3145.0,2930.0,2940.0,477250
2022-06-16,2995.0,3110.0,2985.0,3075.0,367126
2022-06-17,2950.0,3070.0,2930.0,3040.0,253056
2022-06-20,3060.0,3065.0,2890.0,2920.0,277443
2022-06-21,2880.0,2935.0,2780.0,2865.0,440721
2022-06-22,2855.0,2880.0,2685.0,2785.0,402211
2022-06-23,2725.0,2950.0,2610.0,2790.0,560128
2022-06-24,2740.0,3005.0,2720.0,2990.0,280896
2022-06-27,3000.0,3025.0,2930.0,3015.0,181617
2022-06-28,2985.0,3070.0,2955.0,3000.0,289934
2022-06-29,2940.0,2960.0,2910.0,2960.0,130076
2022-06-30,2985.0,2985.0,2865.0,2900.0,235934
2022-07-01,2900.0,2965.0,2860.0,2950.0,252175
2022-07-04,3105.0,3835.0,3055.0,3835.0,11159191
2022-07-05,4145.0,4185.0,3765.0,3925.0,22944665
2022-07-06,3885.0,3930.0,3650.0,3920.0,10685195
2022-07-07,3835.0,3975.0,3770.0,3960.0,9310470
2022-07-08,3910.0,4090.0,3705.0,3775.0,13464916
2022-07-11,3765.0,3875.0,3720.0,3750.0,2697215
2022-07-12,3690.0,3740.0,3580.0,3610.0,2825935
2022-07-13,3660.0,3770.0,3540.0,3615.0,2594887
2022-07-14,3545.0,3560.0,3450.0,3480.0,1336120
2022-07-15,3495.0,3700.0,3455.0,3585.0,3436642
2022-07-18,3535.0,3745.0,3460.0,3640.0,2190391
2022-07-19,3690.0,3720.0,3615.0,3685.0,1258585
2022-07-20,3740.0,3790.0,3605.0,3615.0,2212789
2022-07-21,3645.0,3735.0,3615.0,3670.0,991471
2022-07-22,3720.0,3785.0,3635.0,3740.0,2183984
2022-07-25,3700.0,3720.0,3495.0,3510.0,1241716
2022-07-26,3480.0,3565.0,3465.0,3485.0,494904
2022-07-27,3545.0,3600.0,3475.0,3490.0,467664
2022-07-28,3550.0,3650.0,3500.0,3650.0,739536
2022-07-29,3725.0,3760.0,3530.0,3545.0,1765210
2022-08-01,3600.0,3685.0,3550.0,3660.0,817399
2022-08-02,3695.0,3695.0,3530.0,3540.0,591932
2022-08-03,3580.0,3630.0,3555.0,3620.0,402354
2022-08-04,3630.0,3690.0,3510.0,3560.0,541233
2022-08-05,3560.0,3620.0,3550.0,3550.0,396506
2022-08-08,3550.0,3715.0,3540.0,3715.0,1510213
2022-08-09,3640.0,3710.0,3625.0,3695.0,795997
2022-08-10,3680.0,3690.0,3585.0,3610.0,487760
2022-08-11,3645.0,3880.0,3640.0,3815.0,3571897
2022-08-12,3825.0,3900.0,3780.0,3870.0,2105721
2022-08-16,3870.0,3890.0,3755.0,3865.0,1230848
2022-08-17,3850.0,3850.0,3670.0,3715.0,979102
2022-08-18,3700.0,3700.0,3570.0,3600.0,611057
2022-08-19,3615.0,3650.0,3500.0,3520.0,677025
2022-08-22,3440.0,3555.0,3420.0,3420.0,570542
2022-08-23,3375.0,3390.0,3285.0,3290.0,727577
2022-08-24,3290.0,3355.0,3250.0,3310.0,395097
2022-08-25,3330.0,3425.0,3330.0,3370.0,364616
2022-08-26,3380.0,3590.0,3380.0,3420.0,1297449
2022-08-29,3275.0,3335.0,3255.0,3285.0,328364
2022-08-30,3345.0,3370.0,3285.0,3335.0,263829
2022-08-31,3300.0,3355.0,3295.0,3345.0,177139
2022-09-01,3320.0,3345.0,3250.0,3250.0,232207
2022-09-02,3255.0,3320.0,3255.0,3265.0,149106
2022-09-05,3230.0,3265.0,3140.0,3170.0,354652
2022-09-06,3170.0,3420.0,3155.0,3235.0,919909
2022-09-07,3215.0,3270.0,3155.0,3170.0,232377
2022-09-08,3235.0,3250.0,3135.0,3165.0,210385
2022-09-13,3220.0,3785.0,3220.0,3585.0,11709147
2022-09-14,3425.0,3690.0,3400.0,3580.0,2537995
2022-09-15,3610.0,3785.0,3510.0,3700.0,3649721
2022-09-16,3675.0,3740.0,3535.0,3595.0,1251125
2022-09-19,3575.0,3775.0,3525.0,3615.0,2008607
2022-09-20,3675.0,3720.0,3605.0,3615.0,1405247
2022-09-21,3660.0,3685.0,3550.0,3550.0,756718
2022-09-22,3470.0,3470.0,3260.0,3310.0,1088099
2022-09-23,3275.0,3335.0,3120.0,3130.0,993644
2022-09-26,3055.0,3120.0,2965.0,3000.0,703534
2022-09-27,2925.0,3150.0,2900.0,2950.0,690334
2022-09-28,2950.0,3020.0,2730.0,2835.0,695677
2022-09-29,2900.0,2970.0,2680.0,2840.0,315018
2022-09-30,2770.0,2930.0,2750.0,2890.0,191404
2022-10-04,2970.0,3015.0,2920.0,2990.0,152728
2022-10-05,3015.0,3040.0,2890.0,2905.0,245062
2022-10-06,2905.0,3025.0,2905.0,3010.0,194452
2022-10-07,3010.0,3065.0,2970.0,3005.0,188592
2022-10-11,2950.0,2950.0,2800.0,2810.0,293917
2022-10-12,2860.0,2975.0,2820.0,2950.0,636965
2022-10-13,2950.0,2950.0,2860.0,2910.0,278947
2022-10-14,2965.0,3090.0,2935.0,3045.0,573814
2022-10-17,3000.0,3050.0,2970.0,3030.0,263003
2022-10-18,3060.0,3100.0,3000.0,3065.0,280956
2022-10-19,3075.0,3115.0,3000.0,3010.0,326432
2022-10-20,3010.0,3060.0,2915.0,2990.0,406974
2022-10-21,3085.0,3300.0,3055.0,3170.0,2879267
2022-10-24,3320.0,3385.0,3250.0,3280.0,1229455
2022-10-25,3310.0,3465.0,3210.0,3410.0,1872945
2022-10-26,3470.0,3470.0,3250.0,3250.0,758437
2022-10-27,3300.0,3370.0,3240.0,3310.0,575940
2022-10-28,3295.0,3295.0,3130.0,3150.0,502391
2022-10-31,3150.0,3290.0,3145.0,3190.0,473043
2022-11-01,3205.0,3270.0,3110.0,3175.0,373739
2022-11-02,3195.0,3215.0,3095.0,3105.0,440343
2022-11-03,3030.0,3115.0,3005.0,3090.0,458641
2022-11-04,3075.0,3170.0,3030.0,3170.0,397282
2022-11-07,3245.0,3595.0,3195.0,3455.0,6561160
2022-11-08,3545.0,3660.0,3425.0,3635.0,2498875
2022-11-09,3590.0,3650.0,3500.0,3580.0,1494175
2022-11-10,3550.0,3730.0,3520.0,3675.0,2253965
2022-11-11,3715.0,3755.0,3635.0,3720.0,1390461
2022-11-14,3790.0,3790.0,3640.0,3655.0,800103
2022-11-15,3685.0,3775.0,3595.0,3620.0,1170311
2022-11-16,3560.0,3710.0,3525.0,3655.0,920817
2022-11-17,4255.0,4750.0,3965.0,3990.0,39826835
2022-11-18,4080.0,4770.0,4025.0,4600.0,50910359
2022-11-21,5040.0,5200.0,4565.0,4605.0,19620362
2022-11-22,4555.0,4920.0,4510.0,4700.0,19610494
2022-11-23,4745.0,5100.0,4615.0,5100.0,13747883
2022-11-24,5270.0,5390.0,4915.0,4965.0,11922096
2022-11-25,5200.0,5320.0,5010.0,5110.0,13047993
2022-11-28,5080.0,5150.0,4755.0,4845.0,5156090
2022-11-29,4770.0,4985.0,4685.0,4845.0,6750921
2022-11-30,4725.0,4760.0,4605.0,4615.0,3611613
2022-12-01,4620.0,4700.0,4580.0,4655.0,2707872
2022-12-02,4640.0,4665.0,4375.0,4420.0,3066795
2022-12-05,4490.0,4585.0,4420.0,4500.0,3427302
2022-12-06,4460.0,4515.0,4250.0,4280.0,2036204
2022-12-07,4190.0,4310.0,4115.0,4235.0,1899060
2022-12-08,4190.0,4195.0,4000.0,4055.0,2287101
2022-12-09,4085.0,4315.0,3920.0,4310.0,5254354
2022-12-12,4150.0,4290.0,4100.0,4180.0,2237182
2022-12-13,4175.0,4460.0,4170.0,4310.0,6040578
2022-12-14,4380.0,4525.0,4380.0,4410.0,4311793
2022-12-15,4380.0,4510.0,4310.0,4415.0,1865683
2022-12-16,4305.0,4310.0,4140.0,4165.0,1340293
2022-12-19,4155.0,4310.0,4035.0,4125.0,1146963
2022-12-20,4070.0,4205.0,4035.0,4090.0,1010741
2022-12-21,4170.0,4345.0,4135.0,4340.0,2195745
2022-12-22,4350.0,4370.0,4105.0,4130.0,1567135
2022-12-23,4055.0,4290.0,3950.0,4035.0,2080327
2022-12-26,4005.0,4050.0,3850.0,3935.0,1000477
2022-12-27,3905.0,4020.0,3905.0,3990.0,838857
2022-12-28,3970.0,4085.0,3945.0,4035.0,872032
2022-12-29,4005.0,4040.0,3830.0,3920.0,917974
2023-01-02,3920.0,4000.0,3790.0,3820.0,801750
2023-01-03,3800.0,3865.0,3720.0,3830.0,927195
2023-01-04,3805.0,3950.0,3770.0,3855.0,793252
2023-01-05,3890.0,4055.0,3685.0,3975.0,2935389
2023-01-06,3870.0,3880.0,3780.0,3845.0,1319747
2023-01-09,3900.0,3955.0,3850.0,3945.0,951506
2023-01-10,3940.0,4045.0,3845.0,3960.0,1411991
2023-01-11,3990.0,4130.0,3965.0,4025.0,1818052
2023-01-12,4125.0,4160.0,4035.0,4035.0,1378097
2023-01-13,4090.0,4165.0,4035.0,4105.0,1942862
2023-01-16,4200.0,4250.0,4050.0,4055.0,4358871
2023-01-17,4085.0,4245.0,4025.0,4090.0,2140410
2023-01-18,4125.0,4140.0,3970.0,3970.0,850549
2023-01-19,3895.0,3940.0,3835.0,3835.0,651857
2023-01-20,3800.0,4175.0,3790.0,4005.0,6226178
2023-01-25,3905.0,4045.0,3825.0,3935.0,2855097
2023-01-26,3935.0,3965.0,3860.0,3865.0,1091975
2023-01-27,3870.0,3925.0,3835.0,3840.0,951583
2023-01-30,3860.0,3865.0,3725.0,3735.0,799521
2023-01-31,3700.0,3720.0,3600.0,3625.0,994325
2023-02-01,3650.0,3680.0,3590.0,3590.0,666581
2023-02-02,3600.0,3650.0,3560.0,3580.0,896717
2023-02-03,3580.0,3590.0,3475.0,3485.0,992789
2023-02-06,3470.0,3520.0,3400.0,3460.0,718011
2023-02-07,3530.0,3750.0,3525.0,3670.0,2605882
2023-02-08,3690.0,3765.0,3620.0,3645.0,2220462
2023-02-09,3715.0,3745.0,3620.0,3660.0,1039591
2023-02-10,3640.0,3695.0,3545.0,3565.0,676100
2023-02-13,3545.0,3640.0,3500.0,3560.0,405977
2023-02-14,3595.0,3770.0,3585.0,3760.0,2802658
2023-02-15,3895.0,3900.0,3700.0,3705.0,3542868
2023-02-16,3710.0,3735.0,3640.0,3665.0,749729
2023-02-17,3620.0,3740.0,3620.0,3710.0,718067
2023-02-20,3720.0,3720.0,3620.0,3690.0,476372
2023-02-21,3805.0,4010.0,3690.0,3755.0,3132031
2023-02-22,3670.0,3690.0,3625.0,3630.0,702556
2023-02-23,3650.0,3660.0,3590.0,3600.0,476574
2023-02-24,3610.0,3610.0,3510.0,3515.0,674676
2023-02-27,3500.0,3640.0,3490.0,3545.0,476412
2023-02-28,3570.0,3615.0,3550.0,3550.0,387141
2023-03-02,3550.0,3570.0,3510.0,3520.0,402626
2023-03-03,3525.0,3530.0,3440.0,3465.0,658829
2023-03-06,3465.0,3480.0,3365.0,3400.0,625207
2023-03-07,3390.0,3490.0,3365.0,3365.0,523975
2023-03-08,3330.0,3360.0,3275.0,3275.0,498153
2023-03-09,3295.0,3335.0,3200.0,3260.0,377262
2023-03-10,3200.0,3245.0,3145.0,3200.0,512564
2023-03-13,3120.0,3215.0,3100.0,3210.0,359552
2023-03-14,3210.0,3220.0,3060.0,3070.0,558411
2023-03-15,3100.0,3250.0,3100.0,3190.0,490780
2023-03-16,3175.0,3185.0,3115.0,3140.0,354552
2023-03-17,3165.0,3235.0,3135.0,3230.0,425232
2023-03-20,3240.0,3300.0,3225.0,3235.0,396907
2023-03-21,3260.0,3285.0,3205.0,3215.0,280612
2023-03-22,3215.0,3250.0,3135.0,3140.0,484437
2023-03-23,3105.0,3130.0,3045.0,3050.0,444686
2023-03-24,3060.0,3120.0,3050.0,3120.0,333273
2023-03-27,3120.0,3160.0,3035.0,3080.0,376826
2023-03-28,3070.0,3150.0,3070.0,3125.0,215234
2023-03-29,3130.0,3220.0,3095.0,3175.0,531569
2023-03-30,3180.0,3185.0,3070.0,3175.0,368555
2023-03-31,3185.0,3205.0,3115.0,3130.0,239497
2023-04-03,3140.0,3180.0,3105.0,3160.0,213488
2023-04-04,3160.0,3290.0,3160.0,3280.0,1076920
2023-04-05,3280.0,3350.0,3250.0,3345.0,638987
2023-04-06,3345.0,3375.0,3270.0,3340.0,447897
2023-04-07,3360.0,3370.0,3315.0,3345.0,311013
2023-04-10,3365.0,3365.0,3200.0,3270.0,418110
2023-04-11,3260.0,3310.0,3205.0,3265.0,297899
2023-04-12,3265.0,3300.0,3240.0,3260.0,340745
2023-04-13,3260.0,3290.0,3180.0,3275.0,276106
2023-04-14,3285.0,3335.0,3270.0,3290.0,351904
2023-04-17,3295.0,3340.0,3225.0,3320.0,276102
2023-04-18,3300.0,3410.0,3270.0,3285.0,634650
2023-04-19,3305.0,3390.0,3255.0,3350.0,474569
2023-04-20,3365.0,3365.0,3170.0,3190.0,546040
2023-04-21,3195.0,3230.0,3100.0,3150.0,335255
2023-04-24,3150.0,3165.0,3070.0,3070.0,296184
2023-04-25,3070.0,3095.0,2950.0,3005.0,464345
2023-04-26,3000.0,3030.0,2955.0,2970.0,211967
2023-04-27,2970.0,3030.0,2955.0,3015.0,192613
2023-04-28,3025.0,3030.0,2940.0,2960.0,311060
2023-05-02,2945.0,3070.0,2940.0,3050.0,184935
2023-05-03,3045.0,3080.0,3030.0,3050.0,135160
2023-05-04,3040.0,3070.0,2995.0,3055.0,144460
2023-05-08,3080.0,3100.0,3040.0,3070.0,155059
2023-05-09,3070.0,3085.0,3020.0,3085.0,172649
2023-05-10,3045.0,3085.0,3030.0,3040.0,140040
2023-05-11,3040.0,3100.0,3040.0,3065.0,179724
2023-05-12,3060.0,3155.0,3035.0,3105.0,346513
2023-05-15,3240.0,3375.0,3130.0,3155.0,2304057
2023-05-16,3125.0,3355.0,3100.0,3180.0,1337305
2023-05-17,3195.0,3245.0,3155.0,3210.0,451879
2023-05-18,3230.0,3320.0,3230.0,3305.0,700545
2023-05-19,3400.0,3510.0,3230.0,3335.0,4154651
2023-05-22,3335.0,3840.0,3295.0,3840.0,20459296
2023-05-23,4120.0,4295.0,3770.0,4030.0,43703115
2023-05-24,4240.0,4480.0,4030.0,4090.0,29323893
2023-05-25,3920.0,3990.0,3820.0,3925.0,6284690
2023-05-26,4775.0,5100.0,4255.0,4350.0,45786159
2023-05-30,4210.0,4295.0,4000.0,4010.0,6375190
2023-05-31,3955.0,4030.0,3870.0,3875.0,4578532
2023-06-01,3790.0,3965.0,3790.0,3935.0,3121474
2023-06-02,3900.0,3955.0,3835.0,3930.0,3057133
2023-06-05,3955.0,4165.0,3865.0,4165.0,5570967
2023-06-07,4100.0,4155.0,4030.0,4095.0,3899858
2023-06-08,4050.0,4525.0,4030.0,4465.0,26982575
2023-06-09,4600.0,4650.0,4365.0,4400.0,11804167
2023-06-12,4380.0,4475.0,4320.0,4385.0,4251008
2023-06-13,4335.0,4555.0,4220.0,4425.0,7992868
2023-06-14,4365.0,4395.0,4110.0,4130.0,3171937
2023-06-15,4135.0,4280.0,4035.0,4225.0,2555864
2023-06-16,4165.0,4715.0,4165.0,4715.0,14317722
2023-06-19,4595.0,5700.0,4550.0,5390.0,57161973
2023-06-20,5340.0,5400.0,5130.0,5220.0,11791024
2023-06-21,5740.0,5890.0,5180.0,5230.0,28616507
2023-06-22,5040.0,5210.0,4930.0,4930.0,5445171
2023-06-23,4925.0,5230.0,4800.0,5100.0,9012982
2023-06-26,5170.0,5420.0,4845.0,4900.0,8387692
2023-06-27,4825.0,5280.0,4825.0,5040.0,9899899
2023-06-28,5300.0,5380.0,4925.0,4965.0,11488528
2023-06-29,4980.0,5230.0,4860.0,4960.0,6392962
2023-06-30,4935.0,4980.0,4720.0,4965.0,3523951
2023-07-03,4935.0,5170.0,4920.0,5140.0,4570513
2023-07-04,5070.0,5100.0,4945.0,4990.0,2667148
2023-07-05,4925.0,5090.0,4840.0,4935.0,3906724
2023-07-06,4965.0,5330.0,4870.0,5260.0,9149195
2023-07-07,5160.0,5610.0,5120.0,5550.0,20972641
2023-07-10,5510.0,6040.0,5240.0,5490.0,26434361
2023-07-11,5500.0,5540.0,5140.0,5250.0,5306927
2023-07-12,5200.0,5440.0,5140.0,5140.0,5051953
2023-07-13,5180.0,5350.0,4990.0,5020.0,4296310
2023-07-14,5130.0,5150.0,4835.0,4840.0,3306215
2023-07-17,5050.0,5250.0,4805.0,4805.0,5024940
2023-07-18,4805.0,5140.0,4640.0,4750.0,7522019
2023-07-19,4710.0,4810.0,4505.0,4515.0,2943043
2023-07-20,4500.0,4585.0,4420.0,4485.0,1931141
2023-07-21,4520.0,4565.0,4380.0,4385.0,1399515
2023-07-24,4390.0,4480.0,4255.0,4345.0,1838770
2023-07-25,4275.0,4370.0,4225.0,4280.0,1851053
2023-07-26,4285.0,4295.0,3965.0,4020.0,2647592
2023-07-27,4000.0,4140.0,3965.0,4010.0,1208136
2023-07-28,3960.0,4185.0,3950.0,4115.0,952451
2023-07-31,4210.0,4355.0,4125.0,4275.0,1115003
2023-08-01,4285.0,4340.0,4145.0,4190.0,1289157
2023-08-02,4175.0,4320.0,4100.0,4120.0,1355996
2023-08-03,4190.0,4310.0,3995.0,4160.0,1340349
2023-08-04,4175.0,4190.0,4055.0,4125.0,683540
2023-08-07,4075.0,4115.0,3985.0,4045.0,727445
2023-08-08,4035.0,4090.0,3970.0,3980.0,639073
2023-08-09,3930.0,4150.0,3930.0,4085.0,594707
2023-08-10,4040.0,4080.0,4005.0,4020.0,375787
2023-08-11,4025.0,4160.0,4020.0,4135.0,601785
2023-08-14,4100.0,4165.0,4050.0,4120.0,502738
2023-08-16,4070.0,4070.0,3920.0,3920.0,808138
2023-08-17,3925.0,4195.0,3925.0,4020.0,2090849
2023-08-18,3960.0,4050.0,3810.0,3960.0,1044351
2023-08-21,3950.0,3965.0,3855.0,3930.0,408574
2023-08-22,3915.0,3995.0,3905.0,3915.0,554934
2023-08-23,3950.0,4835.0,3920.0,4620.0,28526146
2023-08-24,4450.0,4720.0,4400.0,4630.0,5071770
2023-08-25,4540.0,4670.0,4395.0,4630.0,2756104
2023-08-28,4565.0,4650.0,4510.0,4590.0,1719727
2023-08-29,4600.0,4810.0,4500.0,4700.0,5529216
2023-08-30,4655.0,4725.0,4485.0,4515.0,2618809
2023-08-31,4485.0,4555.0,4380.0,4410.0,1567689
2023-09-01,4500.0,5170.0,4500.0,4760.0,31879080
2023-09-04,4980.0,5290.0,4785.0,5100.0,14163433
2023-09-05,5000.0,5030.0,4810.0,4960.0,3878925
2023-09-06,4960.0,5360.0,4940.0,5130.0,8597750
2023-09-07,5010.0,5160.0,4895.0,4900.0,2613025
2023-09-08,4860.0,5420.0,4815.0,5210.0,17312783
2023-09-11,6020.0,6190.0,5510.0,5590.0,32351635
2023-09-12,5480.0,5640.0,5090.0,5160.0,6790969
2023-09-13,5330.0,6250.0,5110.0,6250.0,33761988
2023-09-14,6070.0,6960.0,6030.0,6400.0,47316057
2023-09-15,6350.0,6840.0,6310.0,6620.0,24032283
2023-09-18,6620.0,7250.0,6450.0,6480.0,24366560
2023-09-19,6540.0,6820.0,6250.0,6680.0,13624945
2023-09-20,6520.0,6530.0,6080.0,6250.0,5823947
2023-09-21,6110.0,6210.0,5860.0,5930.0,4484171
2023-09-22,5870.0,6280.0,5850.0,5920.0,7885722
2023-09-25,5840.0,6060.0,5710.0,5840.0,3329560
2023-09-26,5870.0,6110.0,5630.0,5910.0,5657091
2023-09-27,5840.0,6400.0,5810.0,6330.0,10320082
2023-10-04,6710.0,6970.0,6460.0,6680.0,22937820
2023-10-05,6590.0,7020.0,6510.0,6600.0,10837484
2023-10-06,6670.0,7460.0,6560.0,7310.0,20810532
2023-10-10,7100.0,7150.0,6100.0,6200.0,12682090
2023-10-11,6440.0,6600.0,6330.0,6350.0,5652645
2023-10-12,6270.0,6600.0,6180.0,6400.0,5584238
2023-10-13,6450.0,6460.0,5560.0,5830.0,7051790
2023-10-16,5700.0,6700.0,5550.0,6350.0,20532487
2023-10-17,6290.0,6830.0,6250.0,6680.0,20420675
2023-10-18,6500.0,6800.0,6380.0,6610.0,7992506
2023-10-19,6380.0,6920.0,6160.0,6720.0,12207547
2023-10-20,6400.0,6560.0,6030.0,6150.0,7088507
2023-10-23,6040.0,6310.0,5510.0,5570.0,4870374
2023-10-24,5490.0,6340.0,5420.0,6030.0,15538900
2023-10-25,6000.0,6070.0,5680.0,5680.0,2788191
2023-10-26,5580.0,5850.0,5510.0,5610.0,2649005
2023-10-27,5610.0,6090.0,5610.0,5860.0,4980581
2023-10-30,5760.0,6170.0,5530.0,6120.0,4137289
2023-10-31,6080.0,6190.0,5810.0,5840.0,3023052
2023-11-01,5840.0,6090.0,5750.0,5770.0,1762995
2023-11-02,5910.0,5950.0,5780.0,5830.0,1423113
2023-11-03,5850.0,6090.0,5780.0,5990.0,2071754
2023-11-06,6070.0,6080.0,5830.0,5990.0,1870726
2023-11-07,5960.0,6130.0,5850.0,5850.0,2185423
2023-11-08,5800.0,5870.0,5550.0,5550.0,1754283
2023-11-09,5630.0,5850.0,5530.0,5780.0,1550682
2023-11-10,5690.0,5710.0,5490.0,5570.0,1382910
2023-11-13,5570.0,5610.0,5030.0,5040.0,3077016
2023-11-14,5060.0,5550.0,5060.0,5280.0,3262627
2023-11-15,5330.0,5420.0,5230.0,5300.0,1435523
2023-11-16,5360.0,5480.0,5270.0,5280.0,1416690
2023-11-17,5310.0,5340.0,4945.0,5010.0,1490259
2023-11-20,5030.0,5090.0,4920.0,4920.0,1151304
2023-11-21,4920.0,5010.0,4845.0,4925.0,1434459
2023-11-22,4970.0,4970.0,4800.0,4800.0,1584256
2023-11-23,4865.0,4970.0,4780.0,4805.0,1593623
2023-11-24,4805.0,4820.0,4680.0,4700.0,1054679
2023-11-27,4720.0,4880.0,4670.0,4830.0,1112076
2023-11-28,4840.0,4950.0,4810.0,4940.0,1076156
2023-11-29,5080.0,5090.0,4840.0,4845.0,1209151
2023-11-30,4820.0,4890.0,4755.0,4790.0,700170
2023-12-01,4810.0,4970.0,4800.0,4950.0,1080407
2023-12-04,4900.0,4910.0,4705.0,4705.0,916966
2023-12-05,4720.0,4745.0,4525.0,4560.0,883525
2023-12-06,4560.0,4640.0,4540.0,4590.0,558051
2023-12-07,4610.0,4610.0,4525.0,4525.0,444789
2023-12-08,4570.0,4600.0,4520.0,4525.0,459116
2023-12-11,4535.0,4665.0,4535.0,4580.0,678665
2023-12-12,4630.0,4770.0,4550.0,4750.0,798918
2023-12-13,4760.0,4870.0,4575.0,4595.0,1266546
2023-12-14,4635.0,4690.0,4520.0,4625.0,625351
2023-12-15,4625.0,4835.0,4595.0,4720.0,1119727
2023-12-18,4720.0,4760.0,4635.0,4700.0,480188
2023-12-19,4700.0,4760.0,4615.0,4640.0,613945
2023-12-20,4650.0,4750.0,4640.0,4640.0,730785
2023-12-21,4625.0,4645.0,4525.0,4540.0,652150
2023-12-22,4550.0,4580.0,4380.0,4425.0,1591238
2023-12-26,4445.0,4845.0,4445.0,4715.0,3901648
2023-12-27,4655.0,4780.0,4550.0,4560.0,1312430
2023-12-28,4560.0,4745.0,4505.0,4725.0,1106596
2024-01-02,4710.0,4715.0,4640.0,4650.0,588988
2024-01-03,4630.0,4645.0,4470.0,4520.0,681422
2024-01-04,4480.0,4545.0,4460.0,4460.0,438450
2024-01-05,4460.0,4540.0,4430.0,4510.0,464685
2024-01-08,4510.0,4555.0,4475.0,4480.0,439991
2024-01-09,4480.0,4530.0,4470.0,4520.0,325641
2024-01-10,4550.0,4730.0,4550.0,4635.0,1281436
2024-01-11,4645.0,4740.0,4610.0,4660.0,832331
2024-01-12,4650.0,4650.0,4490.0,4515.0,598983
2024-01-15,4515.0,4540.0,4415.0,4430.0,517316
2024-01-16,4365.0,4400.0,4225.0,4235.0,863858
2024-01-17,4200.0,4215.0,4090.0,4105.0,628435
2024-01-18,4105.0,4165.0,4065.0,4120.0,370543
2024-01-19,4145.0,4280.0,4125.0,4155.0,428381
2024-01-22,4195.0,4195.0,4090.0,4110.0,358085
2024-01-23,4110.0,4140.0,4040.0,4060.0,494897
2024-01-24,4100.0,4130.0,4045.0,4055.0,346953
2024-01-25,4055.0,4105.0,4000.0,4035.0,351965
2024-01-26,4035.0,4140.0,4035.0,4095.0,351304
2024-01-29,4230.0,4350.0,4180.0,4205.0,1349290
2024-01-30,4260.0,4320.0,4200.0,4200.0,515984
2024-01-31,4200.0,4255.0,4120.0,4120.0,351327
2024-02-01,4115.0,4155.0,4080.0,4145.0,272323
2024-02-02,4155.0,4260.0,4155.0,4210.0,306841
2024-02-05,4210.0,4265.0,4160.0,4165.0,265315
2024-02-06,4165.0,4170.0,4070.0,4120.0,274926
2024-02-07,4110.0,4165.0,4080.0,4095.0,213350
2024-02-08,4070.0,4115.0,4055.0,4090.0,254435
2024-02-13,4250.0,4755.0,4220.0,4695.0,7844532
2024-02-14,4550.0,4655.0,4475.0,4595.0,2146939
2024-02-15,4555.0,4570.0,4430.0,4530.0,1426292
2024-02-16,4545.0,4595.0,4450.0,4550.0,1403983
2024-02-19,4495.0,4495.0,4370.0,4400.0,840686
2024-02-20,4390.0,4410.0,4310.0,4320.0,535975
2024-02-21,4305.0,4380.0,4265.0,4340.0,524892
2024-02-22,4365.0,4380.0,4300.0,4380.0,430516
2024-02-23,4370.0,4370.0,4200.0,4240.0,529960
2024-02-26,4240.0,4300.0,4200.0,4235.0,344198
2024-02-27,4235.0,4265.0,4165.0,4175.0,339246
2024-02-28,4180.0,4250.0,4155.0,4215.0,258520
2024-02-29,4175.0,4210.0,4115.0,4130.0,357776
2024-03-04,4135.0,4225.0,4125.0,4195.0,327148
2024-03-05,4225.0,4225.0,4135.0,4150.0,268876
2024-03-06,4100.0,4150.0,4090.0,4100.0,304075
2024-03-07,4100.0,4175.0,4045.0,4090.0,413740
2024-03-08,4070.0,4125.0,3955.0,3995.0,545886
2024-03-11,3995.0,4145.0,3995.0,4095.0,364068
2024-03-12,4095.0,4115.0,4030.0,4050.0,297029
2024-03-13,4030.0,4925.0,4015.0,4640.0,25060080
2024-03-14,4460.0,4550.0,4425.0,4460.0,3751326
2024-03-15,5090.0,5240.0,4700.0,4845.0,31788989
2024-03-18,4775.0,4920.0,4635.0,4660.0,3240939
2024-03-19,4565.0,4655.0,4455.0,4590.0,2680136
2024-03-20,4540.0,4615.0,4465.0,4520.0,1444097
2024-03-21,4520.0,4640.0,4495.0,4590.0,1566173
2024-03-22,4600.0,4730.0,4515.0,4670.0,1974459
2024-03-25,4540.0,4590.0,4410.0,4560.0,1107545
2024-03-26,4565.0,4580.0,4460.0,4465.0,762608
2024-03-27,4470.0,4540.0,4435.0,4445.0,629074
2024-03-28,4445.0,4555.0,4400.0,4465.0,946051
2024-03-29,4425.0,4575.0,4420.0,4445.0,770337
2024-04-01,4535.0,4650.0,4495.0,4570.0,1109584
2024-04-02,4535.0,4555.0,4440.0,4440.0,584827
2024-04-03,4480.0,4745.0,4440.0,4590.0,3915859
2024-04-04,4605.0,4650.0,4550.0,4585.0,1081391
2024-04-05,4565.0,4780.0,4460.0,4755.0,2062336
2024-04-08,4655.0,4745.0,4600.0,4745.0,1151986
2024-04-09,4710.0,4775.0,4555.0,4610.0,1084008
2024-04-11,4570.0,4600.0,4420.0,4560.0,536549
2024-04-12,4550.0,4565.0,4410.0,4410.0,684614
2024-04-15,4355.0,4395.0,4160.0,4215.0,1215166
2024-04-16,4170.0,4290.0,4100.0,4205.0,658491
2024-04-17,4205.0,4265.0,4175.0,4175.0,1389203
2024-04-18,4135.0,4415.0,4135.0,4375.0,606172
2024-04-19,4430.0,4575.0,4280.0,4475.0,1389405
2024-04-22,4505.0,4515.0,4330.0,4340.0,590706
2024-04-23,4345.0,4410.0,4245.0,4265.0,411734
2024-04-24,4265.0,4350.0,4260.0,4300.0,208391
2024-04-25,4290.0,4360.0,4260.0,4270.0,211182
2024-04-26,4280.0,4445.0,4265.0,4405.0,482286
2024-04-29,4400.0,4800.0,4400.0,4695.0,3368497
2024-04-30,4685.0,4735.0,4630.0,4700.0,1254261
2024-05-02,4700.0,4850.0,4650.0,4810.0,1686786
2024-05-03,4815.0,4835.0,4670.0,4680.0,928303
2024-05-07,4660.0,4700.0,4620.0,4685.0,480117
2024-05-08,4640.0,4775.0,4640.0,4695.0,501803
2024-05-09,4715.0,4800.0,4670.0,4680.0,724835
2024-05-10,4680.0,4690.0,4540.0,4630.0,773511
2024-05-13,4600.0,4770.0,4595.0,4685.0,712291
2024-05-14,4640.0,4715.0,4620.0,4620.0,419887
2024-05-16,4615.0,4665.0,4555.0,4640.0,468284
2024-05-17,4610.0,4715.0,4530.0,4685.0,858840
2024-05-20,4665.0,4665.0,4530.0,4530.0,646596
2024-05-21,4520.0,4570.0,4450.0,4465.0,469919
2024-05-22,4470.0,4765.0,4430.0,4600.0,3888955
2024-05-23,4610.0,4830.0,4575.0,4680.0,1406014
2024-05-24,4640.0,4910.0,4630.0,4825.0,2804137
2024-05-27,4780.0,4965.0,4725.0,4850.0,2133377
2024-05-28,4895.0,5060.0,4805.0,4980.0,2785119
2024-05-29,4995.0,5000.0,4740.0,4755.0,1527264
2024-05-30,4710.0,4755.0,4600.0,4610.0,728465
2024-05-31,4575.0,4645.0,4560.0,4575.0,405329
2024-06-03,4615.0,4740.0,4610.0,4715.0,521809
2024-06-04,4670.0,4810.0,4610.0,4775.0,584700
2024-06-05,4775.0,4885.0,4675.0,4810.0,863865
2024-06-07,4850.0,4900.0,4785.0,4860.0,783654
2024-06-10,4855.0,4875.0,4765.0,4785.0,426271
2024-06-11,4790.0,4905.0,4740.0,4795.0,834058
2024-06-12,4870.0,4990.0,4770.0,4795.0,1708446
2024-06-13,4805.0,4925.0,4800.0,4855.0,738280
2024-06-14,4910.0,4930.0,4725.0,4725.0,717015
2024-06-17,4725.0,4725.0,4600.0,4620.0,429194
2024-06-18,4605.0,4650.0,4400.0,4510.0,745795
2024-06-19,4465.0,4580.0,4410.0,4520.0,456710
2024-06-20,4495.0,4555.0,4475.0,4500.0,250112
2024-06-21,4505.0,4535.0,4445.0,4485.0,248091
2024-06-24,4475.0,4495.0,4405.0,4415.0,275828
2024-06-25,4410.0,4495.0,4305.0,4385.0,312185
2024-06-26,4395.0,4455.0,4385.0,4405.0,155961
2024-06-27,4410.0,4435.0,4370.0,4370.0,176594
2024-06-28,4350.0,4425.0,4325.0,4325.0,245433
2024-07-01,4745.0,4985.0,4540.0,4635.0,2609633
2024-07-02,4590.0,5040.0,4485.0,4715.0,8177754
2024-07-03,4635.0,4940.0,4605.0,4910.0,3702389
2024-07-04,4775.0,4870.0,4730.0,4785.0,1040793
2024-07-05,4750.0,4915.0,4735.0,4870.0,1395164
2024-07-08,4800.0,4805.0,4675.0,4680.0,839964
2024-07-09,4670.0,4745.0,4650.0,4700.0,649526
2024-07-10,4675.0,4745.0,4655.0,4710.0,372218
2024-07-11,4690.0,4730.0,4615.0,4650.0,423042
2024-07-12,4620.0,4825.0,4620.0,4740.0,869571
2024-07-15,4905.0,5200.0,4840.0,5090.0,9184057
2024-07-16,5190.0,5830.0,5120.0,5250.0,25803817
2024-07-17,5150.0,5290.0,5020.0,5140.0,3003467
2024-07-18,5240.0,5480.0,5010.0,5320.0,6670766
2024-07-19,5200.0,5430.0,5050.0,5120.0,4815120
2024-07-22,5290.0,5550.0,5240.0,5390.0,9767305
2024-07-23,5250.0,5490.0,5140.0,5490.0,3679043
2024-07-24,5300.0,5340.0,5000.0,5000.0,3241426
2024-07-25,5400.0,5420.0,5010.0,5170.0,8182848
2024-07-26,5120.0,5320.0,5110.0,5260.0,2548646
2024-07-29,5150.0,5170.0,4985.0,5050.0,1533273
2024-07-30,5010.0,5110.0,4835.0,4950.0,2281110
2024-07-31,4930.0,5130.0,4825.0,4935.0,1820388
2024-08-01,4850.0,5040.0,4830.0,4960.0,1218774
2024-08-02,4860.0,4860.0,4500.0,4540.0,1650532
2024-08-05,4370.0,4400.0,3615.0,3880.0,2000510
2024-08-06,3880.0,4180.0,3880.0,4115.0,1458723
2024-08-07,4080.0,4450.0,4080.0,4255.0,1563531
2024-08-08,4175.0,4240.0,4065.0,4130.0,633314
2024-08-09,4200.0,4360.0,4190.0,4265.0,942783
2024-08-12,4220.0,4270.0,4130.0,4175.0,826049
2024-08-13,4160.0,4160.0,4010.0,4055.0,721511
2024-08-14,4085.0,4150.0,4080.0,4120.0,458231
2024-08-16,4160.0,4200.0,4105.0,4160.0,411230
2024-08-19,4185.0,4430.0,4100.0,4340.0,1817353
2024-08-20,4335.0,4490.0,4335.0,4380.0,1234396
2024-08-21,4365.0,4615.0,4320.0,4520.0,2767367
2024-08-22,4475.0,4485.0,4360.0,4400.0,741052
2024-08-23,4390.0,4445.0,4270.0,4330.0,554493
2024-08-26,4285.0,4300.0,4115.0,4115.0,649709
2024-08-27,4110.0,4150.0,4035.0,4120.0,341680
2024-08-28,4130.0,4190.0,4085.0,4095.0,377093
2024-08-29,4050.0,4125.0,4030.0,4030.0,319395
2024-08-30,4055.0,4070.0,4020.0,4045.0,231490
2024-09-02,4075.0,4135.0,4010.0,4120.0,280814
2024-09-03,4120.0,4185.0,4100.0,4180.0,314736
2024-09-04,4060.0,4115.0,4015.0,4055.0,367947
2024-09-05,4095.0,4135.0,3845.0,3845.0,575915
2024-09-06,3825.0,3910.0,3740.0,3850.0,407888
2024-09-09,3800.0,3905.0,3765.0,3880.0,283331
2024-09-10,3890.0,3955.0,3860.0,3945.0,270818
2024-09-11,3910.0,3955.0,3655.0,3685.0,584489
2024-09-12,3735.0,3850.0,3720.0,3850.0,231074
2024-09-13,3865.0,3865.0,3795.0,3825.0,173262
2024-09-19,3850.0,3880.0,3750.0,3795.0,186622
2024-09-20,3815.0,3905.0,3815.0,3885.0,229149
2024-09-23,3890.0,3895.0,3820.0,3830.0,174761
2024-09-24,3815.0,3900.0,3815.0,3880.0,225499
2024-09-25,3905.0,3940.0,3840.0,3850.0,257514
2024-09-26,3890.0,3925.0,3850.0,3895.0,263796
2024-09-27,3900.0,3930.0,3870.0,3895.0,202602
2024-09-30,3885.0,3900.0,3760.0,3770.0,272323
2024-10-02,3770.0,3790.0,3700.0,3700.0,176524
2024-10-04,3700.0,3750.0,3670.0,3685.0,173099
2024-10-07,3720.0,3750.0,3695.0,3745.0,145301
2024-10-08,3720.0,3820.0,3715.0,3720.0,192336
2024-10-10,3760.0,3835.0,3740.0,3815.0,301656
2024-10-11,3855.0,3980.0,3840.0,3855.0,547996
2024-10-14,3915.0,4000.0,3805.0,3805.0,601294
2024-10-15,3850.0,3900.0,3810.0,3885.0,244693
2024-10-16,3870.0,4000.0,3850.0,3960.0,365404
2024-10-17,3915.0,3940.0,3875.0,3895.0,242297
2024-10-18,3900.0,4080.0,3840.0,4050.0,893126
2024-10-21,4000.0,4010.0,3880.0,3880.0,435545
2024-10-22,3850.0,4045.0,3835.0,3930.0,919567
2024-10-23,3945.0,4095.0,3945.0,3975.0,766217
2024-10-24,3920.0,3970.0,3795.0,3805.0,344270
2024-10-25,3810.0,3820.0,3700.0,3795.0,409988
2024-10-28,3810.0,3830.0,3770.0,3795.0,280280
2024-10-29,3880.0,3885.0,3780.0,3820.0,339355
2024-10-30,3890.0,4380.0,3890.0,4180.0,10116757
2024-10-31,4085.0,4140.0,4050.0,4065.0,1056010
2024-11-01,4035.0,4120.0,3925.0,3970.0,754354
2024-11-04,3920.0,3925.0,3705.0,3840.0,725739
2024-11-05,3825.0,3880.0,3785.0,3875.0,403289
2024-11-06,3870.0,4520.0,3795.0,4420.0,7539598
2024-11-07,4175.0,4370.0,4100.0,4120.0,2265897
2024-11-08,4135.0,4225.0,4100.0,4185.0,1115594
2024-11-11,4250.0,4425.0,4210.0,4320.0,2395235
2024-11-12,4260.0,4640.0,4185.0,4430.0,4233601
2024-11-13,4470.0,4510.0,4105.0,4215.0,1813989
2024-11-14,4210.0,4325.0,4115.0,4115.0,948423
2024-11-15,4070.0,5030.0,4035.0,4755.0,23542705
2024-11-18,4695.0,4755.0,4550.0,4620.0,3117033
2024-11-19,4570.0,4590.0,4360.0,4505.0,2482092
2024-11-20,4310.0,4425.0,4260.0,4300.0,1655287
2024-11-21,4445.0,4590.0,4300.0,4475.0,3824468
2024-11-22,4380.0,4545.0,4365.0,4485.0,1506299
2024-11-25,4540.0,4575.0,4405.0,4445.0,1554974
2024-11-26,4550.0,4620.0,4455.0,4505.0,1518186
2024-11-27,4540.0,4610.0,4380.0,4400.0,2010484
2024-11-28,4410.0,4455.0,4160.0,4185.0,1108350
2024-11-29,4125.0,4215.0,4100.0,4170.0,592609
2024-12-02,4175.0,4245.0,4135.0,4195.0,524162
2024-12-03,4150.0,4250.0,4150.0,4210.0,446551
2024-12-04,4055.0,4185.0,4050.0,4065.0,674976
2024-12-05,4070.0,4120.0,3870.0,3955.0,729995
2024-12-06,3915.0,3990.0,3715.0,3865.0,834990
2024-12-09,3825.0,3875.0,3445.0,3465.0,1306237
2024-12-10,3640.0,3970.0,3610.0,3915.0,1676277
2024-12-11,3915.0,3995.0,3850.0,3960.0,490986
2024-12-12,3980.0,3985.0,3850.0,3940.0,444525
2024-12-13,3960.0,4035.0,3930.0,3965.0,547435
2024-12-16,3970.0,4050.0,3950.0,4045.0,573711
2024-12-17,4095.0,4100.0,3965.0,3990.0,463302
2024-12-18,4000.0,4080.0,3960.0,3990.0,244712
2024-12-19,3915.0,4110.0,3905.0,4015.0,784610
2024-12-20,4030.0,4045.0,3850.0,3885.0,454864
2024-12-23,3885.0,3950.0,3845.0,3925.0,271926
2024-12-24,3900.0,3940.0,3830.0,3895.0,233248
2024-12-26,3895.0,3900.0,3750.0,3750.0,308675
2024-12-27,3710.0,3775.0,3525.0,3670.0,330407
2024-12-30,3600.0,3750.0,3600.0,3720.0,192452
2025-01-02,3700.0,3830.0,3660.0,3830.0,252352
2025-01-03,3830.0,3915.0,3820.0,3885.0,202985
2025-01-06,3880.0,3955.0,3865.0,3940.0,251291
2025-01-07,3980.0,4095.0,3940.0,3995.0,592470
2025-01-08,3950.0,3975.0,3920.0,3940.0,385428
2025-01-09,4035.0,4045.0,3935.0,3965.0,482654
2025-01-10,3965.0,4105.0,3930.0,4090.0,677765
2025-01-13,4180.0,4620.0,4130.0,4620.0,9559124
2025-01-14,4805.0,4825.0,4355.0,4405.0,7592757
2025-01-15,4355.0,4425.0,4300.0,4360.0,1350364
2025-01-16,4385.0,4465.0,4350.0,4415.0,1661244
2025-01-17,4455.0,4470.0,4300.0,4455.0,1224615
2025-01-20,4445.0,4445.0,4325.0,4360.0,640911
2025-01-21,4365.0,4470.0,4310.0,4405.0,1381524
2025-01-22,4360.0,4585.0,4345.0,4425.0,2182652
2025-01-23,4430.0,4445.0,4220.0,4255.0,904148
2025-01-24,4255.0,4315.0,4180.0,4310.0,510859
2025-01-31,4200.0,4205.0,4065.0,4070.0,591023
2025-02-03,4005.0,4015.0,3855.0,3920.0,563639
2025-02-04,3930.0,4020.0,3930.0,3995.0,313435
2025-02-05,4035.0,4045.0,3970.0,4015.0,262867
2025-02-06,4145.0,4365.0,4105.0,4195.0,2253915
2025-02-07,4200.0,4365.0,4175.0,4300.0,1224694
2025-02-10,4400.0,4405.0,4290.0,4300.0,884378
2025-02-11,4300.0,4380.0,4275.0,4285.0,479527
2025-02-12,4320.0,4325.0,4195.0,4280.0,408256
2025-02-13,4480.0,4620.0,4360.0,4400.0,3947354
2025-02-14,4430.0,4445.0,4250.0,4280.0,815655
2025-02-17,4320.0,4380.0,4255.0,4335.0,726230
2025-02-18,4395.0,4445.0,4350.0,4385.0,593759
2025-02-19,4395.0,4400.0,4255.0,4280.0,570243
2025-02-20,4230.0,4275.0,4140.0,4140.0,605384
2025-02-21,4105.0,4155.0,4080.0,4115.0,350900
2025-02-24,4115.0,4220.0,4115.0,4175.0,421906
2025-02-25,4150.0,4185.0,4140.0,4155.0,244708
2025-02-26,4190.0,4425.0,4165.0,4205.0,1190898
2025-02-27,4240.0,4255.0,4110.0,4120.0,364460
2025-02-28,4080.0,4160.0,3950.0,4000.0,542465
2025-03-04,3800.0,3925.0,3755.0,3865.0,713856
2025-03-05,3910.0,4090.0,3910.0,4050.0,349367
2025-03-06,4095.0,4095.0,4010.0,4025.0,226179
2025-03-07,3980.0,4070.0,3975.0,4040.0,205235
2025-03-10,3990.0,4045.0,3917.0,3970.0,200836
2025-03-11,3860.0,3985.0,3850.0,3985.0,159479
2025-03-12,4055.0,4130.0,3955.0,3960.0,381433
2025-03-13,3965.0,4005.0,3875.0,3880.0,222636
2025-03-14,3890.0,3950.0,3885.0,3925.0,155209
2025-03-17,3925.0,3985.0,3865.0,3960.0,257007
2025-03-18,3960.0,3975.0,3905.0,3960.0,191472
2025-03-19,3930.0,3935.0,3840.0,3840.0,369267
2025-03-20,3850.0,3870.0,3775.0,3780.0,240107
2025-03-21,3760.0,3830.0,3720.0,3780.0,175240
2025-03-24,3770.0,3830.0,3755.0,3810.0,118796
2025-03-25,3810.0,3875.0,3765.0,3775.0,196357
2025-03-26,3810.0,3860.0,3785.0,3825.0,186945
2025-03-27,3860.0,4950.0,3860.0,4785.0,46583881
2025-03-28,4790.0,5120.0,4450.0,4470.0,51218354
2025-03-31,4675.0,4725.0,3940.0,3940.0,8100878
2025-04-01,4030.0,4105.0,3810.0,3920.0,2970777
2025-04-02,3925.0,3985.0,3755.0,3760.0,1494623
2025-04-03,3625.0,4060.0,3610.0,3790.0,5152589
2025-04-04,3690.0,3900.0,3650.0,3825.0,1572048
2025-04-07,3700.0,3710.0,3565.0,3600.0,945538
2025-04-08,3680.0,3705.0,3565.0,3565.0,677673
2025-04-09,3490.0,3835.0,3430.0,3510.0,2463880
2025-04-10,3625.0,3650.0,3600.0,3630.0,542749
2025-04-11,3605.0,3735.0,3575.0,3725.0,561210
2025-04-14,3730.0,3750.0,3695.0,3710.0,504099
2025-04-15,3725.0,3755.0,3700.0,3750.0,517392
2025-04-16,3740.0,3760.0,3660.0,3670.0,543339
2025-04-17,3675.0,3695.0,3640.0,3680.0,330391
2025-04-18,3725.0,3750.0,3675.0,3750.0,447689
2025-04-21,3795.0,3795.0,3725.0,3735.0,287269
2025-04-22,3685.0,3845.0,3680.0,3835.0,945697
2025-04-23,3880.0,3895.0,3805.0,3830.0,478596
2025-04-24,3825.0,3835.0,3770.0,3795.0,291549
2025-04-25,3805.0,3815.0,3770.0,3775.0,215619
2025-04-28,3775.0,3795.0,3755.0,3760.0,234120
2025-04-29,3780.0,3805.0,3760.0,3790.0,196133
2025-04-30,3770.0,3795.0,3710.0,3725.0,195964
2025-05-02,3765.0,3775.0,3725.0,3765.0,181612
2025-05-07,3720.0,3765.0,3705.0,3750.0,224171
2025-05-08,3750.0,3785.0,3700.0,3720.0,190024
2025-05-09,3735.0,3755.0,3670.0,3685.0,248343
2025-05-12,3900.0,3905.0,3805.0,3835.0,680680
2025-05-13,3855.0,3885.0,3835.0,3865.0,276518
2025-05-14,3860.0,3975.0,3770.0,3900.0,678810
2025-05-15,3860.0,3955.0,3775.0,3785.0,752956
2025-05-16,3770.0,3800.0,3720.0,3735.0,278288
2025-05-19,3770.0,3795.0,3695.0,3710.0,212423
2025-05-20,3785.0,3840.0,3750.0,3765.0,302555
2025-05-21,3730.0,3760.0,3715.0,3720.0,188914
2025-05-22,3710.0,3710.0,3640.0,3645.0,229999
2025-05-23,3645.0,3660.0,3630.0,3635.0,183229
2025-05-26,3610.0,3640.0,3575.0,3605.0,160644
2025-05-27,3600.0,3610.0,3570.0,3580.0,179150
2025-05-28,3600.0,3625.0,3580.0,3595.0,130302
2025-05-29,3640.0,3670.0,3615.0,3650.0,115537
2025-05-30,3650.0,3655.0,3615.0,3640.0,72967
2025-06-02,3610.0,3630.0,3580.0,3610.0,92230
2025-06-04,3610.0,3645.0,3585.0,3615.0,136365
2025-06-05,3640.0,3640.0,3585.0,3590.0,168808
2025-06-09,3595.0,3605.0,3560.0,3585.0,198415
2025-06-10,3565.0,3635.0,3565.0,3580.0,144253
2025-06-11,3580.0,3605.0,3555.0,3570.0,264297
2025-06-12,3580.0,3645.0,3580.0,3640.0,193013
2025-06-13,3645.0,3655.0,3530.0,3565.0,285873
2025-06-16,3535.0,3615.0,3530.0,3605.0,161261
2025-06-17,3615.0,3695.0,3590.0,3630.0,227651
2025-06-18,3635.0,3640.0,3600.0,3630.0,144409
2025-06-19,3635.0,3650.0,3590.0,3605.0,141516
2025-06-20,3640.0,3720.0,3620.0,3680.0,261996
2025-06-23,3610.0,3650.0,3585.0,3600.0,161094
2025-06-24,3675.0,3750.0,3650.0,3710.0,337565
2025-06-25,3715.0,3740.0,3695.0,3715.0,203609
2025-06-26,3700.0,3705.0,3635.0,3675.0,134387
2025-06-27,3610.0,3680.0,3590.0,3600.0,198437
2025-06-30,3485.0,3485.0,3440.0,3470.0,224893
2025-07-01,3440.0,3480.0,3430.0,3455.0,364340
2025-07-02,3455.0,3480.0,3420.0,3475.0,222421
2025-07-03,3465.0,3545.0,3460.0,3540.0,162277
2025-07-04,3540.0,3545.0,3480.0,3505.0,267511
2025-07-07,3455.0,3540.0,3455.0,3520.0,174452
2025-07-08,3490.0,3540.0,3485.0,3500.0,127399
2025-07-09,3490.0,3540.0,3485.0,3520.0,114467
2025-07-10,3530.0,3535.0,3495.0,3495.0,113732
2025-07-11,3505.0,3550.0,3505.0,3525.0,186843
2025-07-14,3520.0,3520.0,3485.0,3490.0,114109
2025-07-15,3500.0,3515.0,3470.0,3490.0,147506
2025-07-16,3490.0,3510.0,3440.0,3445.0,171942
2025-07-17,3440.0,3460.0,3425.0,3440.0,114604
2025-07-18,3450.0,3485.0,3440.0,3465.0,148032
2025-07-21,3500.0,3660.0,3500.0,3535.0,645859
2025-07-22,3490.0,3525.0,3460.0,3490.0,328264
2025-07-23,3465.0,3495.0,3440.0,3485.0,214278
2025-07-24,3470.0,3485.0,3440.0,3440.0,182336
2025-07-25,3440.0,3450.0,3415.0,3425.0,158614
2025-07-28,3425.0,3435.0,3365.0,3365.0,264182
2025-07-29,3365.0,3415.0,3305.0,3415.0,258688
2025-07-30,3400.0,3415.0,3365.0,3410.0,125777
2025-07-31,3385.0,3430.0,3370.0,3420.0,141573
2025-08-01,3390.0,3390.0,3280.0,3370.0,213651
2025-08-04,3330.0,3410.0,3270.0,3335.0,83625
2025-08-05,3335.0,3380.0,3330.0,3380.0,110465
2025-08-06,3380.0,3385.0,3340.0,3350.0,104881
2025-08-07,3470.0,3510.0,3410.0,3440.0,452687
2025-08-08,3555.0,3635.0,3510.0,3585.0,1229980
2025-08-11,3650.0,3655.0,3540.0,3565.0,578515
2025-08-12,3510.0,3600.0,3510.0,3550.0,414696
2025-08-13,3500.0,3540.0,3445.0,3460.0,323595
2025-08-14,3450.0,3515.0,3430.0,3475.0,196159
2025-08-18,3480.0,3540.0,3450.0,3500.0,285184
2025-08-19,3575.0,3585.0,3470.0,3480.0,346533
2025-08-20,3510.0,3535.0,3405.0,3420.0,245417
2025-08-21,3420.0,3440.0,3385.0,3395.0,134169
2025-08-22,3375.0,3405.0,3355.0,3370.0,162322
2025-08-25,3395.0,3410.0,3350.0,3370.0,94366
2025-08-26,3360.0,3385.0,3355.0,3375.0,64783
2025-08-27,3365.0,3420.0,3340.0,3400.0,176046
2025-08-28,3380.0,3415.0,3355.0,3355.0,138165
2025-08-29,3360.0,3445.0,3315.0,3400.0,239321
2025-09-01,3350.0,3475.0,3350.0,3465.0,224162
2025-09-02,3405.0,3470.0,3395.0,3470.0,174110
2025-09-03,3450.0,3465.0,3360.0,3415.0,92180
2025-09-04,3430.0,3490.0,3410.0,3470.0,116963
2025-09-05,3480.0,3480.0,3430.0,3470.0,61456
2025-09-08,3595.0,3670.0,3495.0,3505.0,1538327
2025-09-09,3505.0,3505.0,3425.0,3430.0,401642
2025-09-10,3430.0,3445.0,3395.0,3415.0,192220
2025-09-11,3400.0,3425.0,3395.0,3425.0,193256
2025-09-12,3415.0,3440.0,3390.0,3440.0,218735
2025-09-15,3450.0,3450.0,3380.0,3400.0,143813
2025-09-16,3390.0,3415.0,3385.0,3390.0,88656
2025-09-17,3385.0,3400.0,3355.0,3375.0,135922
2025-09-18,3380.0,3385.0,3360.0,3375.0,93065
2025-09-19,3375.0,3415.0,3350.0,3385.0,201310
2025-09-22,3385.0,3390.0,3310.0,3355.0,291310
2025-09-23,3360.0,3410.0,3320.0,3355.0,188124
2025-09-24,3350.0,3395.0,3325.0,3380.0,110535
2025-09-25,3380.0,3410.0,3360.0,3395.0,152077
2025-09-26,3335.0,3370.0,3335.0,3360.0,165549
2025-09-29,3380.0,3410.0,3330.0,3400.0,224073
2025-09-30,3375.0,3440.0,3355.0,3435.0,215665
2025-10-01,3430.0,3435.0,3370.0,3390.0,125266
2025-10-02,3375.0,3410.0,3340.0,3360.0,176594
2025-10-10,3350.0,3380.0,3280.0,3320.0,230453
2025-10-13,3270.0,3330.0,3250.0,3330.0,230880
2025-10-14,3320.0,3335.0,3265.0,3285.0,194468
2025-10-15,3255.0,3360.0,3250.0,3350.0,158763
2025-10-16,3350.0,3350.0,3290.0,3295.0,213799
2025-10-17,3395.0,3440.0,3325.0,3355.0,628087
2025-10-20,3335.0,3335.0,3240.0,3275.0,521149
2025-10-21,3275.0,3295.0,3230.0,3230.0,301093
2025-10-22,3220.0,3220.0,3140.0,3160.0,319214
2025-10-23,3145.0,3185.0,3115.0,3155.0,107929
2025-10-24,3150.0,3165.0,3070.0,3070.0,405940
2025-10-27,3070.0,3085.0,3015.0,3025.0,396261
2025-10-28,3025.0,3050.0,2975.0,3000.0,416381
2025-10-29,3000.0,3050.0,2940.0,3040.0,483964
2025-10-30,3045.0,3095.0,2980.0,3040.0,324764
2025-10-31,2995.0,3065.0,2995.0,3045.0,167640
2025-11-03,3045.0,3045.0,2965.0,2985.0,265881
2025-11-04,2965.0,3010.0,2925.0,2970.0,224998
2025-11-05,2970.0,2980.0,2840.0,2970.0,382556
2025-11-06,2975.0,3005.0,2940.0,2995.0,184151
2025-11-07,2980.0,2995.0,2905.0,2960.0,201841
2025-11-10,2935.0,2970.0,2935.0,2960.0,140812
2025-11-11,2975.0,3000.0,2880.0,2920.0,250466
2025-11-12,2915.0,2980.0,2910.0,2965.0,116379
2025-11-13,2950.0,3005.0,2950.0,2955.0,157231
2025-11-14,2940.0,2970.0,2900.0,2905.0,176088
2025-11-17,2900.0,2920.0,2820.0,2880.0,304167
2025-11-18,2860.0,2870.0,2760.0,2785.0,183932
2025-11-19,2785.0,2800.0,2700.0,2710.0,372307
2025-11-20,2735.0,2870.0,2735.0,2865.0,272642
2025-11-21,2895.0,2960.0,2800.0,2950.0,530202
2025-11-24,3000.0,3160.0,3000.0,3025.0,1112001
2025-11-25,3035.0,3095.0,2825.0,3095.0,569343
2025-11-26,3160.0,3170.0,3065.0,3065.0,477493
2025-11-27,3065.0,3065.0,2965.0,2970.0,273299
2025-11-28,2980.0,3065.0,2980.0,3050.0,165937
2025-12-01,3040.0,3095.0,3000.0,3030.0,136645
2025-12-02,3030.0,3065.0,2985.0,3050.0,154615
2025-12-03,3050.0,3055.0,2995.0,3030.0,117300
2025-12-04,3025.0,3025.0,2975.0,2980.0,163284
2025-12-05,3005.0,3050.0,2965.0,3050.0,127699
2025-12-08,3050.0,3075.0,3005.0,3020.0,118727
2025-12-09,3015.0,3040.0,2990.0,3025.0,101661
2025-12-10,3005.0,3040.0,2985.0,3020.0,78750
2025-12-11,3030.0,3115.0,3020.0,3105.0,250257
2025-12-12,3095.0,3190.0,3095.0,3145.0,332131
